article_id,title,initials,access_1,access_2,design,design_ev,design_judg,design_judg_5_TEXT,design_judg_rat,comments,correct_design,correct_supp_access
Ander2017entsw173,Adiposity among 132 479 UK Biobank participants; contribution of sugar intake vs other macronutrients,MG,Yes,Yes,Cross-sectional,"We conducted a cross-sectional study and, therefore, cannot demonstrate a temporal relationship between diet and adiposity. ",,,,,,
Ander2017entsw173,Adiposity among 132<U+2009>479 UK Biobank participants; contribution of sugar intake vs other macronutrients ,kd,Yes,Yes,Cross-sectional,"""We conducted a cross-sectional study and, therefore, cannot demonstrate a temporal relationship between diet and adiposity.""",,,,,,
Ander2018ysis.022,Red and processed meat consumption and breast cancer: UK Biobank cohort study and meta-analysis,MG,Yes,Yes,Cohort,"Over a median of 7 years follow-up, 4819 of the 262,195 women developed breast cancer.",,,,,,
Ander2018ysis.022,Red and processed meat consumption and breast cancer: UK Biobank cohort study and meta-analysis,kd,Yes,Yes,no_statement,,Cohort,,"""We studied whether red and processed meat consumption were associated with the risk of breast cancer in UK Biobank; then included the results in a meta-analysis of prospective cohort studies""",,,
Atkin2019ortsy083,"Impact of Low Cardiovascular Risk Profiles on Geriatric Outcomes: Evidence From 421,000 Participants in Two Cohorts",MG,Yes,Yes,Cohort & Cross-sectional,"We used Cox proportional hazards regression models to estimate hazard ratios (HRs) between CRS categories and all-cause mortality. For incident disease, we used Fine and Gray competing risk models to estimate HRs, including all-cause mortality as a competing risk: sub-HR (19). Logistic regression was used to assess cross-sectional associations in UKB.",,,,,,
Atkin2019ortsy083,"Impact of Low Cardiovascular Risk Profiles on Geriatric Outcomes: Evidence From 421,000 Participants in Two Cohorts ",kd,Yes,Yes,Cross-sectional & no_statement,"""Logistic regression was used to assess cross-sectional associations in UKB""",Cohort,,Did not sample by outcome. Investigated impact of Low Cardiovascular Risk Profiles on Geriatric Outcomes measured at follow up ,,,
Bakra2018bankx273,Associations Between Sedentary Behaviors and Cognitive Function: Cross-Sectional and Prospective Findings From the UK Biobank,MG,Yes,Yes,Cohort & Cross-sectional,Associations Between Sedentary Behaviors and Cognitive Function: Cross-Sectional and Prospective Findings From the UK Biobank,,,,,,
Bakra2018bankx273,Associations Between Sedentary Behaviors and Cognitive Function: Cross-Sectional and Prospective Findings From the UK Biobank ,kd,Yes,Yes,Cross-sectional & no_statement,We investigated the cross-sectional ... associations between different sedentary behaviors and cognitive function ... in the UK Biobank. ,Cohort,,"""Multiple logistic regression models investigated the prospective associations between the domains of sedentary behavior at baseline and cognitive function at follow-up."". Did not sample based on outcome.",,,
Boaky2018antsx102,Tobacco exposure and sleep disturbance in 498 208 UK Biobank participants,MG,Yes,Yes,Cross-sectional,"This cross-sectional study used data from the UK Biobank: a cohort study of 502 655 participants, of whom 498 208 provided self-reported data on smoking and sleep characteristics.",,,,,,
Boaky2018antsx102,Tobacco exposure and sleep disturbance in 498 208 UK Biobank participants ,kd,Yes,Yes,Cross-sectional,"""This cross-sectional study used data from the UK Biobank: """,,,,,,
Cassi2018ants61-8,"Accelerometer-derived physical activity in those with cardio-metabolic disease compared to healthy adults: a UK Biobank study of 52,556 participants",MG,Yes,Not present,Cohort,"Using the largest accelerometer cohort to date, we aimed to investigate whether there is an association between disease status and accelerometer variables after a 5-year follow-up.",,,,,,
Cassi2018ants61-8,"Accelerometer-derived physical activity in those with cardio-metabolic disease compared to healthy adults: a UK Biobank study of 52,556 participants",kd,Yes,Not present,no_statement,,Case-control,,investigate whether there is an association between cardio-metabolic disease status and accelerometer variables after a 5-year follow-up.,,cohort,
Celis2017antsw249,The association between physical activity and risk of mortality is modulated by grip strength and cardiorespiratory fitness: evidence from 498 135 UK-Biobank participants,MG,Yes,Yes,Cohort,"In this prospective, population-based study, all-cause mortality, and incidence of CVD were the outcomes; CRF, grip strength, and total physical activity were the exposure variables; and socio-demographic factors (age, sex, ethnicity, area socioeconomic deprivation index), smoking status, body mass index (BMI), diagnosis of diabetes, cancer, heart disease (stroke, high blood pressure angina, and heart attack) and longstanding illness were covariates.",,,,,,
Celis2017antsw249,The association between physical activity and risk of mortality is modulated by grip strength and cardiorespiratory fitness: evidence from 498 135 UK-Biobank participants ,kd,Yes,Yes,no_statement,,Cohort,,"""In this prospective, population-based study, all-cause mortality, and incidence of CVD were the outcomes; CRF, grip strength, and total physical activity were the exposure variables"". Did not sample based on outcome and used Cox-proportional hazards models.",,,
Celis2018antsy134,"Associations of Dietary Protein Intake With Fat-Free Mass and Grip Strength: A Cross-Sectional Study in 146,816 UK Biobank Participants",MG,Yes,Yes,Cross-sectional,"Associations of Dietary Protein Intake With Fat-Free Mass and Grip Strength: A Cross-Sectional Study in 146,816 UK Biobank Participants",,,,,,
Celis2018antsy134,"Associations of Dietary Protein Intake With Fat-Free Mass and Grip Strength: A Cross-Sectional Study in 146,816 UK Biobank Participants",kd,Yes,Yes,Cross-sectional,"""The cross-sectional aspects of this study did not allow us to demonstrate causality in the observed associations.""",,,,,,
Chan2016bank.031,Associations with Intraocular Pressure in a Large Cohort: Results from the UK Biobank,MG,Yes,Yes,Cross-sectional,Cross-sectional study within the UK Biobank,,,,,,
Chan2016bank.031,Associations with Intraocular Pressure in a Large Cohort: Results from the UK Biobank,kd,Yes,Yes,Cross-sectional,"""Cross-sectional study within the UK Biobank""",,,,,,
Cleut2014bank.007,Cognitive functioning in obstructive lung disease: results from the United Kingdom biobank,MG,Yes,Yes,no_statement,,Case-control,,comparing people with Obstructive Lung Disease and people without on exposures,,,
Cleut2014bank.007,Cognitive Functioning in Obstructive Lung Disease: Results from the United Kingdom Biobank,kd,Yes,Yes,no_statement,,Cross-sectional,,"""Cognitive functioning was compared between persons with and without"" lung disease at one time point",,RR,
Cook2018banky224,The prevalence of co-morbidities and their impact on physical activity in people with inflammatory rheumatic diseases compared with the general population: results from the UK Biobank,MG,Yes,Yes,Cross-sectional,The prevalence of co-morbidities and their impact on physical activity in people with inflammatory rheumatic diseases compared with the general population: results from the UK Biobank,,,,,,
Cook2018banky224,The prevalence of co-morbidities and their impact on physical activity in people with inflammatory rheumatic diseases compared with the general population: results from the UK Biobank ,kd,Yes,Yes,Cross-sectional & no_statement,"DESCRIPTIVE: ""The primary objective of this study was to determine the prevalence and incidence of chronic co-morbidities in people with an inflammatory RMD ... compared with people without an inflammatory RMD in.... the UK (UK Biobank).""",Cohort,,"Did not sampled based on outcome.  ""Our secondary objective was to determine whether prevalent multi-morbidity is associated with physical activity level in people with an inflammatory RMD compared with those without these conditions.""",,cross-sectional,
Cook2019sign3829,The effect of personalised weight feedback on weight loss and health behaviours: Evidence from a regression discontinuity design,MG,Yes,Yes,Cohort,this study focuses in on the effect of the BMI feedback on weight change at follow-up,,,,Study uses a a regression-discontinuity approach,,
Cook2019sign3829,The effect of personalised weight feedback on weight loss and health behaviours: Evidence from a regression discontinuity design,KD,Yes,Yes,no_statement,,Cohort,,"""Using a regression-discontinuity approach on a U.K. longitudinal dataset, this research analyses whether personalised weight feedback resulted in individuals losing weight over a period of between 2 and 7 years."" (Abstract) - they look at the effect of BMI feedback on weight change measured in follow up",,,
Coope2017tudyw054,Bidirectional association between physical activity and muscular strength in older adults: Results from the UK Biobank study,MG,Yes,Yes,Cohort & Cross-sectional,"We used multiple linear regression models to examine the cross-sectional, longitudinal and bidirectional associations between moderate-to-vigorous physical activity (MVPA) and grip strength, adjusting for potential confounding by age, sex, height, weight, health status, education level, smoking status, Townsend deprivation index and retirement status.",,,,,,
Coope2017tudyw054,Bidirectional association between physical activity and muscular strength in older adults: Results from the UK Biobank study ,kd,Yes,Yes,Cross-sectional & no_statement,"""We examined the cross-sectional association between MVPA and grip strength at baseline""",Cohort,,""" the longitudinal analyses, we demonstrated that baseline grip strength was linearly and positively associated with [moderate-to-vigorous physical activity] MVPA at follow-up, whereas MVPA at baseline was only weakly associated with grip strength at follow-up""",,,
Culle2015ants.006,"Cognitive function and lifetime features of depression and bipolar disorder in a large population sample: Cross-sectional study of 143,828 UK Biobank participants",MG,Yes,Yes,Cross-sectional,"Cognitive function and lifetime features of depression and bipolar disorder in a large population sample: Cross-sectional study of 143,828 UK Biobank participants",,,,,,
Culle2015ants.006,"Cognitive function and lifetime features of depression and bipolar disorder in a large population sample: Cross-sectional study of 143,828 UK Biobank participants",kd,Yes,Yes,Cross-sectional,"""Cross-sectional analysis of baseline data from the UK Biobank""",,,,,,
Culle2018bank68-6,Cross-sectional and longitudinal analyses of outdoor air pollution exposure and cognitive function in UK Biobank,MG,Yes,Yes,Cohort & Cross-sectional,Cross-sectional and longitudinal analyses of outdoor air pollution exposure and cognitive function in UK Biobank,,,,,,
Culle2018bank68-6,Cross-sectional and longitudinal analyses of outdoor air pollution exposure and cognitive function in UK Biobank,kd,Yes,Yes,Cross-sectional & no_statement,"""cross-sectional associations between air pollutant exposure and cognitive performance attenuated towards the null after adjustment for important confounders.""",Cohort,,"Did not sample based on outcome and conducted what they called ""follow-up analyses"" and ""longitudinal analyses"" of the association between baseline exposure to pollution and cognitive function at baseline and follow-up",,,
Cumbe2015omes.040,"Laser refractive surgery in the UK Biobank study: Frequency, distribution by sociodemographic factors, and general health, happiness, and social participation outcomes",MG,Yes,Not present,Cross-sectional,Cross-sectional epidemiological study.,,,,,,
Cumbe2015omes.040,Laser refractive surgery in the UK Biobank study,kd,Yes,Not present,Cross-sectional,"""DESIGN: Cross-sectional epidemiological study""",,,,,,
Cumbe2016tudy1778,"Visual Function, Social Position, and Health and Life Chances: The UK Biobank Study",MG,Yes,Yes,Cross-sectional,A cross-sectional epidemiologic study was conducted using UK Biobank data from 6 regional centers in England and Wales.,,,,,,
Cumbe2016tudy1778,"Visual Function, Social Position, and Health and Life Chances",KD,Yes,Yes,Cross-sectional,A cross-sectional epidemiologic study was conducted using UK Biobank data from 6 regional centers in England and Wales,,,,,,
Cummi2016bank53-X,"Active commuting and obesity in mid-life: cross-sectional, observational evidence from UK Biobank",MG,Yes,Not present,Cross-sectional,"Active commuting and obesity in mid-life: cross-sectional, observational evidence from UK Biobank",,,,,,
Cummi2016bank53-X,"Active commuting and obesity in mid-life: cross-sectional, observational evidence from UK Biobank",kd,Yes,Yes,Cross-sectional,"""METHODS: Cross-sectional, observational data from UK Biobank""",,,,,,
Darli2018hort1404,"Vitamin D supplement use and associated demographic, dietary and lifestyle factors in 8024 South Asians aged 40-69 years: analysis of the UK Biobank cohort",MG,Yes,Yes,Cross-sectional,Design: Cross-sectional analysis of baseline vitamin D supplement use data.,,,,,,
Darli2018hort1404,"Vitamin D supplement use and associated demographic, dietary and lifestyle factors in 8024 South Asians aged 40–69 years: analysis of the UK Biobank cohort",kd,Yes,Yes,Cross-sectional,"""Design Cross-sectional analysis of baseline vitamin D supplement use data.""",,,,,,
Davie2018bank79-y,The Causal Effects of Education on Health Outcomes in the UK Biobank,MG,Yes,Yes,no_statement,,Cohort,,Follow-up for the linked mortality data started with the first death on 10 May 2006 and ended with the last recorded death on 17 February 2014.,,,
Davie2018bank79-y,The Causal Effects of Education on Health Outcomes in the UK Biobank,kd,Yes,Yes,no_statement,,Other (please specify),", regression discontinuity design","""We used a regression discontinuity design to investigate the causal effects of remaining in school. We found consistent evidence that remaining in school causally reduced risk of diabetes and mortality in all specifications.""",,RR,
Dawes2014gdom0010,Hearing in middle age: a population snapshot of 40- to 69-year olds in the United Kingdom,MG,Yes,Yes,no_statement,,Cross-sectional,,Objectives: To report population-based prevalence of hearing impairment based on speech recognition in noise testing in a large and inclusive sample of U.K. adults aged 40 to 69 years. The present study is the first to report such data. Prevalence of tinnitus and use of hearing aids is also reported.,,,
Dawes2014gdom0010,Hearing in Middle Age: A Population Snapshot of 40- to 69-Year Olds in the United Kingdom,kd,Yes,Yes,Cross-sectional,"DESCRIPTIVE ""The present study provides estimates of the prevalence of hearing impairment""; analytical ""Multinomial logistic regression was used to model the effects of multiple characteristics and exposures on hearing difficulties"" all measured at the same time; ",,,,,,
Dawes2014loss61-0,"Cigarette smoking, passive smoking, alcohol consumption, and hearing loss",MG,Yes,Not present,Cross-sectional,"The objective of this large population-based cross-sectional study was to evaluate the association between smoking, passive smoking, alcohol consumption, and hearing loss.",,,,,,
Dawes2014loss61-0,"Cigarette smoking, passive smoking, alcohol consumption, and hearing loss",kd,Yes,Not present,Cross-sectional,"""This study utilized a cross-sectional correlational design""",,,,,,
Day2015tudy0031,"Season of birth is associated with birth weight, pubertal timing, adult body size and educational attainment: a UK Biobank study",MG,Yes,Not present,no_statement,,Cross-sectional,,The exposure is birth season (four) and not the presence of a disease or behaviour. (I don't have a clue what design this is),,,
Day2015tudy0031,"Season of birth is associated with birth weight, pubertal timing, adult body size and educational attainment: a UK Biobank study",kd,Yes,Not present,Cohort,"""the UK Biobank study, we aimed to assess the impact of this seasonality on birth weight, age at menarche, adult height and body mass index (BMI)""",,,,,RR,
Day2015tudy1208,"Puberty timing associated with diabetes, cardiovascular disease and also diverse health outcomes in men and women: the UK Biobank study",MG,Yes,Yes,Cross-sectional,The main limitation of our study is the cross-sectional design with reliance on self-reported medical histories and recalled measures of the exposures.,,,,,,
Day2015tudy1208,"Puberty timing associated with diabetes, cardiovascular disease and also diverse health outcomes in men and women: the UK Biobank study",kd,Yes,Yes,Cross-sectional,"""The main limitation of our study is the cross-sectional design""",,,,,,
Dhalw2018tudy.007,Body mass index and mortality in people with and without diabetes: A UK Biobank study,MG,Yes,Yes,no_statement,,Cohort,,We used age as time scale and Cox-proportional hazards model to calculate hazard ratios (HRs) for mortality with 95% confidence intervals (95% CI) within BMI categories in people with and without diabetes adjusting for the potential confounders described above.,,,
Dhalw2018tudy.007,Body mass index and mortality in people with and without diabetes: A UK Biobank study,kd,Yes,Yes,no_statement,,Cohort,,"""To investigate the association of body mass index with all cause ... mortality in individuals with and without diabetes"" over time",,,
Dixon2019hort50-2,The Association Between Adiposity and Inpatient Hospital Costs in the UK Biobank Cohort,MG,Yes,Yes,Cohort,Person-years of follow-up ranged from 4.5 to 9 years (mean and median<U+2009>=<U+2009>6.1 years).,,,,,exclude,
Dixon2019hort50-2,The Association Between Adiposity and Inpatient Hospital Costs in the UK Biobank Cohort,kd,Yes,Yes,no_statement,,Other (please specify),,EXCLUDE,,,
Elova2017tudy75-0,Contribution of risk factors to excess mortality in isolated and lonely individuals: an analysis of data from the UK Biobank cohort study,MG,Yes,Yes,Cohort,We used prospective follow-up data from the UK Biobank cohort study to assess self-reported isolation (a three-item scale) and loneliness (two questions).,,,,,,
Elova2017tudy75-0,Contribution of risk factors to excess mortality in isolated and lonely individuals: an analysis of data from the UK Biobank cohort study,kd,Yes,Yes,no_statement,,Cohort,,"""We used prospective follow-up data from the UK Biobank cohort study to assess ... isolation ... and loneliness,,, The main outcomes were all-cause and cause-specific mortality""",,,
Emerg2015lity7008,Association of Cardiometabolic Multimorbidity With Mortality,MG,Yes,Yes,Cohort,"We analyzed individual participant data in the Emerging Risk Factors Collaboration (ERFC) from 689<U+202F>300 participants recruited during 1960 through 2007 into 91 prospective cohorts that have recorded mortality during prolonged follow-up. We compared the ERFC results with those from the UK Biobank, a prospective cohort study of 499<U+202F>808 participants recruited during 2006 through 2010.",,,,,,
Emerg2015lity7008,Association of Cardiometabolic Multimorbidity With Mortality,kd,Yes,Yes,no_statement,,Cohort,,"They obtained information about people and their exposures at baseline (history of diabetes, MI or stroke) and then assessed whether they died at follow up",,,
Firth2018antsy034,Grip Strength Is Associated With Cognitive Performance in Schizophrenia and the General Population: A UK Biobank Study of 476559 Participants,MG,Yes,Yes,Cross-sectional,We performed a cross-sectional analysis of data collected between 2007 and 2010 from the baseline assessments for the UK Biobank.,,,,,,
Firth2018antsy034,Grip Strength Is Associated With Cognitive Performance in Schizophrenia and the General Population: A UK Biobank Study of 476559 Participants ,kd,Yes,Yes,Cross-sectional,"""We performed a cross-sectional analysis of ... baseline assessments for the UK Biobank.""",,,,,,
Firth2018bankx149,The Validity and Value of Self-reported Physical Activity and Accelerometry in People With Schizophrenia: A Population-Scale Study of the UK Biobank,MG,Yes,Yes,Cross-sectional,"We conducted a cross-sectional analysis of data from the baseline assessments for the UK Biobank study, collected between 2007 and 2010.",,,,,,
Firth2018bankx149,The Validity and Value of Self-reported Physical Activity and Accelerometry in People With Schizophrenia: A Population-Scale Study of the UK Biobank ,KD,Yes,Yes,Cross-sectional,"""We conducted a cross-sectional analysis of data from the baseline assessments for the UK Biobank study""",,,,,,
Firth2018rols0503,Association Between Muscular Strength and Cognition in People With Major Depression or Bipolar Disorder and Healthy Controls,MG,Yes,Yes,Cross-sectional,"In a multicenter, population-based study conducted between February 13, 2005, and October 1, 2010, in the United Kingdom, cross-sectional analysis was conducted of baseline data from 110<U+202F>067 participants in the UK Biobank.",,,,,,
Firth2018rols0503,Association Between Muscular Strength and Cognition in People With Major Depression or Bipolar Disorder and Healthy Controls,KD,Yes,Yes,Cross-sectional," In this cross-sectional analysis of a population-scale data set of 110<U+202F>067 individuals, handgrip strength was significantly associated with all 5 domains of cognition in people with major depression and in healthy controls, independently of confounding factors. ",,,,,,
Flint2016bank06-8,"Change in commute mode and body-mass index: prospective, longitudinal evidence from UK Biobank",MG,Yes,Not present,Cohort,"Change in commute mode and body-mass index: prospective, longitudinal evidence from UK Biobank",,,,,,
Flint2016bank06-8,"Change in commute mode and body-mass index: prospective, longitudinal evidence from UK Biobank",kd,Yes,Not present,no_statement,,Other (please specify),UNCERTAIN,same issue as with other weight paper,,cohort,
Foste2018hort00-7,The effect of socioeconomic deprivation on the association between an extended measurement of unhealthy lifestyle factors and health outcomes: a prospective analysis of the UK Biobank cohort,MG,Yes,Yes,Cohort,"This was a prospective, population-based cohort study of participants enrolled in the UK Biobank.",,,,,,
Foste2018hort00-7,The effect of socioeconomic deprivation on the association between an extended measurement of unhealthy lifestyle factors and health outcomes: a prospective analysis of the UK Biobank cohort,kd,Yes,Yes,Cohort,"""This was a prospective, population-based cohort study of participants enrolled in the UK Biobank.""",,,,,,
Gugge2015rder3556,Role of Educational Exposure in the Association Between Myopia and Birth Order,MG,Yes,Yes,Cross-sectional,"Design, Setting, and Participants  Cross-sectional study of UK Biobank participants recruited from 2006 to 2010.",,,,,,
Gugge2015rder3556,Role of Educational Exposure in the Association Between Myopia and Birth Order,KD,Yes,Yes,Cross-sectional,Cross-sectional study of UK Biobank participants recruited from 2006 to 2010.,,,,,,
Gugge2016ants16.7,Childhood febrile illness and the risk of myopia in UK Biobank participants,MG,Yes,Yes,no_statement,,Cross-sectional,,No mention of follow up or case-control (no mention of cross-sectional either but design does not appear to be one of the others),,RR,
Gugge2016ants16.7,Childhood febrile illness and the risk of myopia in UK Biobank participants,kd,Yes,Yes,no_statement,,Case-control,,"Found ""a history of childhood measles,rubella, or pertussis was associated with high myopia""",,,
Guo2015bank.015,Physical activity in relation to body size and composition in women in UK Biobank,MG,Yes,Yes,Cross-sectional,"Our cross-sectional study included 38,201 premenopausal and 94,592 postmenopausal healthy women aged 40 to 70 years in UK Biobank, recruited from 2006 to 2010.",,,,,,
Guo2015bank.015,Physical activity in relation to body size and composition in women in UK Biobank,kd,Yes,Yes,Cross-sectional,"""Our cross-sectional study""",,,,,,
Guo2018hort1394,Adiposity and breast cancer risk in postmenopausal women: Results from the UK Biobank prospective cohort,MG,Yes,Yes,Cohort,Adiposity and breast cancer risk in postmenopausal women: Results from the UK Biobank prospective cohort,,,,,,
Guo2018hort1394,Adiposity and breast cancer risk in postmenopausal women: Results from the UK Biobank prospective cohort,kd,Yes,Yes,no_statement,,Case-control,,Examine associations between multiple adiposity measures and breast cancer cases & controls over time.,,cohort,""" We observed 2,913 incident invasive breast cancers during a mean 5.7 years of follow?up"""
Hanlo2018ants91-4,Frailty and pre-frailty in middle-aged and older adults and its association with multimorbidity and mortality: a prospective analysis of 493 737 UK Biobank participants,MG,Yes,Yes,Cohort,"This was a prospective, population-based cohort study of participants enrolled in the UK Biobank.",,,,,,
Hanlo2018ants91-4,Frailty and pre-frailty in middle-aged and older adults and its association with multimorbidity and mortality: a prospective analysis of 493<U+2008>737 UK Biobank participants,kd,Yes,Yes,Cohort,"""This was a prospective, population-based cohort study of participants enrolled in the UK Biobank""",,,,,,
Harve2018hort3375,Calcium and Vitamin D Supplementation Are Not Associated With Risk of Incident Ischemic Cardiac Events or Death: Findings From the UK Biobank Cohort,MG,Yes,Not present,Cohort,The average follow-up time was 7 years and the maximum 10 years. ,,,,,,
Harve2018hort3375,Calcium and Vitamin D Supplementation Are Not Associated With Risk of Incident Ischemic Cardiac Events or Death: Findings From the UK Biobank Cohort,kd,Yes,Not present,no_statement,,Cohort,,Examine multiple outcomes from exposure to calcium and vitamin D supplementation over time,,,
Iliod2018centy057,The impact of confounding on the associations of different adiposity measures with the incidence of cardiovascular disease: a cohort study of 296 535 adults of white European descent,MG,Yes,Yes,Cohort,The impact of confounding on the associations of different adiposity measures with the incidence of cardiovascular disease: a cohort study of 296<U+2009>535 adults of white European descent,,,,,,
Iliod2018centy057,The impact of confounding on the associations of different adiposity measures with the incidence of cardiovascular disease: a cohort study of 296 535 adults of white European descent,kd,Yes,Yes,Cohort,"""a cohort study of 296<U+2009>535 adults of white European descent""",,,,,,
Ingel2015tudy75-1,"5 year mortality predictors in 498,103 UK Biobank participants: a prospective population-based study",MG,Yes,Yes,Cohort,5 year mortality predictors in 498<U+2008>103 UK Biobank participants: a prospective population-based study,,,,,,
Ingel2015tudy75-1,"5 year mortality predictors in 498,103 UK Biobank participants: a prospective population-based study",kd,Yes,Yes,Cohort,"""In this large, contemporary prospective cohort study""",,,,,,
Jani2018hortx322,Multimorbidity and co-morbidity in atrial fibrillation and effects on survival: findings from UK Biobank cohort,MG,Yes,Yes,no_statement,,Cohort,,Multimorbidity and co-morbidity in atrial fibrillation and effects on survival: findings from UK Biobank cohort ,,,
Jani2018hortx322,Multimorbidity and co-morbidity in atrial fibrillation and effects on survival: findings from UK Biobank cohort ,kd,Yes,Yes,no_statement,,Cohort,,"""Aims: To examine the number and type of co-morbid long-term health conditions (LTCs) and their associations with all-cause mortality in an atrial fibrillation (AF) population.""",,,
Keids2016tion0196,The Effect of Functional Hearing and Hearing Aid Usage on Verbal Reasoning in a Large Community-Dwelling Population,MG,Yes,Not present,Cross-sectional,Cross-sectional data on 40- to 70-year-old community-dwelling participants from the UK Biobank resource were accessed.,,,,,,
Keids2016tion0196,The Effect of Functional Hearing and Hearing Aid Usage on Verbal Reasoning in a Large Community-Dwelling Population,KD,Yes,Yes,Cross-sectional,"""Design: Cross-sectional data ... from the UK Biobank resource were accessed.""",,,,,,
Kim2017tudy.122,Adiposity and grip strength as long-term predictors of objectively measured physical activity in 93 015 adults: the UK Biobank study,MG,Yes,Yes,Cohort,"Therefore, the purpose of this study was to determine the independent and joint longitudinal associations of adiposity and GS with objectively measured PA in middle-aged and older adults participating in a large-scale prospective cohort.",,,,,,
Kim2017tudy.122,Adiposity and grip strength as long-term predictors of objectively measured physical activity in 93 015 adults: the UK Biobank study,kd,Yes,Yes,no_statement,,Cohort,,"aimed to determine ""the independent and joint longitudinal associations of adiposity and GS with objectively measured PA"" over follow-up. Participants not sampled based on outcome.  ",,,
Kim2018risk84-x,"The combination of cardiorespiratory fitness and muscle strength, and mortality risk",MG,Yes,Yes,Cohort,"This analysis is based on data from 70,913 men and women (832 all-cause, 177 cardiovascular and 503 cancer deaths over 5.7-year follow-up)",,,,,,
Kim2018risk84-x,"The combination of cardiorespiratory fitness and muscle strength, and mortality risk",kd,Yes,Yes,no_statement,,Cohort,,"compare the relative risk of all-cause mortality for cardiorespiratory fitness, grip strength, and their combination",,,
Knott2018bank.018,Changes in the mode of travel to work and the severity of depressive symptoms: a longitudinal analysis of UK Biobank,MG,Yes,Yes,Cohort,Changes in the mode of travel to work and the severity of depressive symptoms: a longitudinal analysis of UK Biobank,,,,,,
Knott2018bank.018,Changes in the mode of travel to work and the severity of depressive symptoms: a longitudinal analysis of UK Biobank,kd,Yes,Yes,no_statement,,Other (please specify),uncertain,uncertain for same reason as Kyle2017bank.001 ,,cohort,
Kunzm2018noma.014,Model for Identifying Individuals at Risk for Esophageal Adenocarcinoma,MG,Yes,Yes,Cohort,"This cohort study used prospective data from the UK Biobank, which recruited 502,640 men and women aged 40–69 years from 1 of 22 centers located across England, Scotland, and Wales between 2006 and 2010.",,,,,,
Kunzm2018noma.014,Model for Identifying Individuals at Risk for Esophageal Adenocarcinoma,kd,Yes,Yes,Cohort,"""This cohort study used prospective data from the UK Biobank""",,,,,,
Kyle2017bank.001,Sleep and cognitive performance: cross-sectional associations in the UK Biobank,MG,Yes,Yes,Cross-sectional,Sleep and cognitive performance: cross-sectional associations in the UK Biobank,,,,,,
Kyle2017bank.001,Sleep and cognitive performance: cross-sectional associations in the UK Biobank,kd,Yes,Yes,Cross-sectional,"""Methods: This cross-sectional, population-based study""",,,,,,
Littl2016arch.010,Lifestyle factors and prostate-specific antigen (PSA) testing in UK Biobank: Implications for epidemiological research,MG,Yes,Not present,Cross-sectional,"The cross-sectional association between a wide range of sociodemographic, lifestyle, dietary and health characteristics with PSA testing was examined in 212,039 men aged 40–69 years in UK Biobank.",,,,,,
Littl2016arch.010,Lifestyle factors and prostate-specific antigen (PSA) testing in UK Biobank: Implications for epidemiological research,kd,Yes,Not present,Cross-sectional,"""cross-sectional association between a wide range of ... characteristics with PSA testing was examined""",,,,,,
Lyall2017antsw528,Associations between single and multiple cardiometabolic diseases and cognitive abilities in 474 129 UK Biobank participants,MG,Yes,Yes,Cross-sectional,"The current study used only the baseline data from UK Biobank and was, therefore, cross-sectional in nature, albeit of a scale rarely seen",,,,,,
Lyall2017antsw528,Associations between single and multiple cardiometabolic diseases and cognitive abilities in 474 129 UK Biobank participants,kd,Yes,Yes,Cross-sectional,"""The current study used only the baseline data from UK Biobank and was, therefore, cross-sectional in nature""",,,,,,
Lyall2018bank39-1,"Association of disrupted circadian rhythmicity with mood disorders, subjective wellbeing, and cognitive function: a cross-sectional study of 91 105 participants from the UK Biobank",MG,Yes,Yes,Cross-sectional,"Association of disrupted circadian rhythmicity with mood disorders, subjective wellbeing, and cognitive function: a cross-sectional study of 91<U+2008>105 participants from the UK Biobank",,,,,,
Lyall2018bank39-1,"Association of disrupted circadian rhythmicity with mood disorders, subjective wellbeing, and cognitive function: a cross-sectional study of 91<U+2008>105 participants from the UK Biobank",kd,Yes,Yes,Cross-sectional,"""crosssectional associations between low relative amplitude and mood disorder, wellbeing and cognitive variables were examined. """,,,,,,
Lyall2018hort.106,Seasonality of depressive symptoms in women but not in men: A cross-sectional study in the UK Biobank cohort,MG,Yes,Yes,Cross-sectional,Seasonality of depressive symptoms in women but not in men: A cross-sectional study in the UK Biobank cohort,,,,,,
Lyall2018hort.106,Seasonality of depressive symptoms in women but not in men: A cross-sectional study in the UK Biobank cohort,kd,Yes,Yes,Cross-sectional,"""In a cross-sectional analysis of >150,000 participants of the UK Biobank cohort""",,,,,,
Macka2018antsy155,"The association between driving time and unhealthy lifestyles: a cross-sectional, general population study of 386 493 UK Biobank participants",MG,Yes,Yes,Cross-sectional,"In a cross-sectional study of UK Biobank participants, driving time was treated as an ordinal variable and other lifestyle factors dichotomized into low/high risk based on guidelines. ",,,,,,
Macka2018antsy155,"The association between driving time and unhealthy lifestyles: a cross-sectional, general population study of 386 493 UK Biobank participants",kd,Yes,Yes,Cross-sectional,"""In a cross-sectional study of UK Biobank participants""",,,,,,
Magnu2017tics0712,Number of Offspring and Cardiovascular Disease Risk in Men and Women: The Role of Shared Lifestyle Characteristics,MG,Yes,Not present,Cohort,"In this large-scale, prospective cohort study",,,,,,
Magnu2017tics0712,Number of Offspring and Cardiovascular Disease Risk in Men and Women: The Role of Shared Lifestyle Characteristics,kd,Yes,Yes,Cohort,"""In this large-scale, prospective cohort study, the association between number of offspring and risk of overall CVD, IHD, and hypertensive disorders was similar in both sexes, with the nadir of risk among those with no children.""",,,,,,
Magnu2018COPDy221,Independent and combined associations of maternal and own smoking with adult lung function and COPD,MG,Yes,Yes,no_statement,,Cohort,,"The association between maternal smoking and COPD also varied by pack-years of own smoking, with a hazard ratio of 2.25 (1.30, 3.89) for =10 years, 1.23 (0.80, 1.89) for 11–20 years, 1.30 (0.85, 2.01) for 21–30 years and 1.14 (0.91, 1.43) for >30 years.",,,
Magnu2018COPDy221,Independent and combined associations of maternal and own smoking with adult lung function and COPD ,kd,Yes,Yes,no_statement,,Cohort,,"Did not sample based on outcome. ""We used UK Biobank to examine associations of maternal smoking around delivery, and pack-years of own smoking, with lung function (n<U+2009>=<U+2009>502<U+2009>626) and hospitalization/death from COPD"". COPD measure was taken at follow up.",,,
Malon2017mple7639,Differences in morning-evening type and sleep duration between Black and White adults: Results from a propensity-matched UK Biobank sample,MG,Yes,Yes,Cross-sectional,Cross-sectional data from 502 642 participants were obtained.,,,,,,
Malon2017mple7639,Differences in morning–evening type and sleep duration between Black and White adults: Results from a propensity-matched UK Biobank sample,kd,Yes,Not present,no_statement,,Other (please specify),propensity score modeling,"""This study aimed to determine if these ethno-racial differences persisted after accounting for an even broader range of ... characteristics and employing ...  propensity score modeling""",,RR,
Mason2018bank12-8,"Associations between fast food and physical activity environments and adiposity in mid-life: cross-sectional, observational evidence from UK Biobank",MG,Yes,Yes,Cohort,"Associations between fast food and physical activity environments and adiposity in mid-life: cross-sectional, observational evidence from UK Biobank",,,,,cross-sectional,
Mason2018bank12-8,"Associations between fast food and physical activity environments and adiposity in mid-life: cross-sectional, observational evidence from UK Biobank",kd,Yes,Yes,Cross-sectional,"""We used cross-sectional observational data from UK Biobank.""",,,,,,
McCor2014tion.018,The prevalence of tinnitus and the relationship with neuroticism in a middle-aged UK population,MG,Yes,Not present,no_statement,,Cross-sectional,,"we calculated the prevalence of tinnitus and that which is perceived as bothersome, and examined the association between tinnitus and a putative predisposing personality factor, neuroticism.",,,
McCor2014tion.018,The prevalence of tinnitus and the relationship with neuroticism in a middle-aged UK population,kd,Yes,Not present,Cross-sectional & no_statement,,Cross-sectional,,"""examined the association between tinnitus and ... neuroticism"" at one time point",,,
McMen2018bank1375,Hormonal and reproductive factors and risk of upper gastrointestinal cancers in men: A prospective cohort study within the UK Biobank,M.G.,Yes,Not present,Cohort,Hormonal and reproductive factors and risk of upper gastrointestinal cancers in men: A prospective cohort study within the UK Biobank,,,,,,
McMen2018bank1375,Hormonal and reproductive factors and risk of upper gastrointestinal cancers in men: A prospective cohort study within the UK Biobank,kd,Yes,Not present,no_statement,,Case-control,,Investigated associations between hormonal and reproductive factors and risk of oesophageal and gastric cancer over time,,,
Mille2018ioma59-y,Handedness and the risk of glioma,MG,Yes,Yes,Cohort & Case-control,"In this study, we examined the relationship between handedness and glioma risk in a large case–control study (1849 glioma cases and 1354 healthy controls) and a prospective cohort study (326,475 subjects with 375 incident gliomas).",,,,,cohort,case-control conducted in US separately
Mille2018ioma59-y,Handedness and the risk of glioma,kd,Yes,Yes,Cohort,"""Subjects included in the cohort analysis were selected from...the UKBiobank""",,,,,,
Morri2018bank.496,"Physical activity, sedentary behaviour and colorectal cancer risk in the UK Biobank",MG,Yes,Yes,no_statement,,Cohort,,"After a median follow-up time of 5.6 years, 2391 incident colorectal cancer cases were recorded.",,,
Morri2018bank.496,"Physical activity, sedentary behaviour and colorectal cancer risk in the UK Biobank",kd,Yes,Yes,no_statement,,Cohort,,"Sampled everyone without prior diagnosis of cancer and found ""In this prospective analysis of UK Biobank participants, total physical activity levels were inversely associated"" with risk of developing colon cancer at follow up",,,
Navra2017orts.012,Intelligence and neuroticism in relation to depression and psychological distress: Evidence from two large population cohorts,MG,Yes,Yes,Cross-sectional,"The cross-sectional associations between neuroticism, general intelligence (g), MDD, self-reported depression, and psychological distress were examined in two large population based cohorts; GS:SFHS and UK Biobank. ",,,,,,
Navra2017orts.012,Intelligence and neuroticism in relation to depression and psychological distress: Evidence from two large population cohorts,kd,Yes,Yes,Cross-sectional,"""The cross-sectional associations between neuroticism, general intelligence (g), MDD, self-reported depression, and psychological distress were examined in ... UK Biobank.""",,,,,,
Olivo2019tudy.014,Low neuroticism and cognitive performance are differently associated to overweight and obesity: A cross-sectional and longitudinal UK Biobank study,MG,Yes,Not present,Cohort & Cross-sectional,Low neuroticism and cognitive performance are differently associated to overweight and obesity: A cross-sectional and longitudinal UK Biobank study,,,,,,
Olivo2019tudy.014,Low neuroticism and cognitive performance are differently associated to overweight and obesity: A cross-sectional and longitudinal UK Biobank study,kd,Yes,Not present,Cross-sectional & no_statement,"""we examined cross-sectional associations of neuroticism and cognitive function with overweight and obesity in ... the UK Biobank cohort""",Other (please specify),UNCERTAIN,Examines if neuroticisms predicts BMI at follow up = is this case-control or cohort since they have 1 outcome and 1 exposure?,,cross-sectional & cohort,
Orteg2017bank97-5,"A Prospective Investigation of Body Size, Body Fat Composition and Colorectal Cancer Risk in the UK Biobank",MG,Yes,Yes,Cohort,"A Prospective Investigation of Body Size, Body Fat Composition and Colorectal Cancer Risk in the UK Biobank",,,,,,no
Orteg2017bank97-5,"A Prospective Investigation of Body Size, Body Fat Composition and Colorectal Cancer Risk in the UK Biobank",kd,Yes,Not present,no_statement,,Cohort,,"Did not sample based on outcome and found In this prospective analysis of UK Biobank participants, overall and abdominal adiposity body size and composition measurements were positively related"" risk of developing colorectal cancer at follow up",,,
Pacco2018bank26-8,Prior fragility fracture and risk of incident ischaemic cardiovascular events: results from UK Biobank,MG,Yes,Yes,Cohort,"All study subjects were followed up until any ischaemic cardiovascular event, death or until 29th February 2016, yielding a mean follow-up time of 7 years and a maximum time of 10 years.",,,,,,
Pacco2018bank26-8,Prior fragility fracture and risk of incident ischaemic cardiovascular events: results from UK Biobank,kd,Yes,Yes,no_statement,,Cohort,,Found prior fragility fracture was associated with ischaemic cardiovascular events measured at follow up in men,,,
Pan2019tudy.008,Association between musculoskeletal pain at multiple sites and objectively measured physical activity and work capacity: Results from UK Biobank study,MG,Yes,Not present,Cross-sectional,To describe the cross-sectional association between musculoskeletal pain at multiple sites and physical work capacity (PWC) and objectively measured physical activity (PA).,,,,,,
Pan2019tudy.008,Association between musculoskeletal pain at multiple sites and objectively measured physical activity and work capacity: Results from UK Biobank study,kd,Yes,Not present,Cross-sectional,"""Objectives: To describe the cross-sectional association""",,,,,,
Papag2019omen2359,Muscle mass measures and incident osteoporosis in a large cohort of postmenopausal women,MG,Yes,Present but not accessible,,,,,,,,
Papag2019omen2359,Muscle mass measures and incident osteoporosis in a large cohort of postmenopausal women,MG,Yes,Yes,Cohort,"Over a median follow-up of 6.75 (5th to 95th percentile interval, 1.53 to 8.37) years, 394 newly diagnosed cases of osteoporosis occurred, with 40 (10.2%) cases being associated with a pathological fracture.",,,,,,
Papag2019omen2359,Muscle mass measures and incident osteoporosis in a large cohort of postmenopausal women,kd,Yes,Yes,no_statement,,Case-control,,Examines associations of multiple measures of muscle mass in women with & without osteoporosis over time,,cohort,
Patte2016bank97-5,"Smoking, Screen-Based Sedentary Behavior, and Diet Associated with Habitual Sleep Duration and Chronotype: Data from the UK Biobank",MG,Yes,Yes,Cross-sectional,"Regression models were used to examine sleep duration and chronotype as the predictors and cardiovascular risk factors as outcomes of interest in a cross-sectional sample of 439,933 adults enrolled in the UK Biobank project.",,,,,,
Patte2016bank97-5,"Smoking, Screen-Based Sedentary Behavior, and Diet Associated with Habitual Sleep Duration and Chronotype: Data from the UK Biobank",kd,Yes,Yes,Cross-sectional,"""Cross-sectional data from 501,766 participants were obtained""",,,,,,
Perez2017tudy.312,Prospective investigation of risk factors for prostate cancer in the UK Biobank cohort study,MG,Yes,Yes,Cohort,Prospective investigation of risk factors for prostate cancer in the UK Biobank cohort study,,,,,,
Perez2017tudy.312,Prospective investigation of risk factors for prostate cancer in the UK Biobank cohort study,kd,Yes,Yes,no_statement,,Cohort,,"""We studied 219<U+2009>335 men from the UK Biobank study who were free from cancer at baseline."" and calculated association of risk of developing cancer during follow up with numerous exposures",,,
Peter2016bank.254,Women's reproductive health factors and body adiposity: findings from the UK Biobank,MG,Yes,Yes,Cross-sectional,A cross-sectional analysis of 502<U+2009>664 individuals from the UK Biobank was conducted.,,,,,,
Peter2016bank.254,Women’s reproductive health factors and body adiposity: findings from the UK Biobank,kd,Yes,Yes,Cross-sectional,"""A cross-sectional analysis of 502 664 individuals from the UK Biobank""",,,,,,
Pierz2016tion0341,Tinnitus and Sleep Difficulties After Cochlear Implantation,MG,Yes,Yes,Cross-sectional,Objectives: To estimate and compare the prevalence of and associations between tinnitus and sleep difficulties in a sample of UK adult cochlear implant users and those identified as potential candidates for cochlear implantation.,,,,,,
Pierz2016tion0341,Tinnitus and Sleep Difficulties After Cochlear Implantation,kd,Yes,Yes,Cross-sectional & no_statement,"DESCRIPTIVE ""The aims of the present study were therefore to (i) estimate the prevalence of sleep difficulties among adult CI users and those who may be candidates for implantation"" ",Cross-sectional,,"""The aims of the present study were therefore to ... (ii) examine the associations between sleep difficulties, tinnitus characteristics, and tinnitus-related emotional distress"". All measures were taken at the same time",,,
Piuma2018bankx186,The relationship between alcohol use and long-term cognitive decline in middle and late life: a longitudinal analysis using UK Biobank,MG,Yes,Not present,Cohort,The relationship between alcohol use and long-term cognitive decline in middle and late life: a longitudinal analysis using UK Biobank,,,,,,
Piuma2018bankx186,The relationship between alcohol use and long-term cognitive decline in middle and late life: a longitudinal analysis using UK Biobank ,kd,Yes,Yes,no_statement,,Cohort,,"""In 13 342 weekly drinkers drawn from UK Biobank, 5-year change in mean RT and IIV in RT were found to have curvilinear associations with alcohol consumption."" Did not sample based on outcome.",,,
Rudne2016urce0314,Better Visuospatial Working Memory in Adults Who Report Profound Deafness Compared to Those With Normal or Poor Hearing: Data From the UK Biobank Resource,MG,Yes,Not present,no_statement,,Case-control,,The nonstandardized regression coefficients resulting from the analysis were used to estimate the effect of VSWM between hearing groups.,,,
Rudne2016urce0314,Better Visuospatial Working Memory in Adults Who Report Profound Deafness Compared to Those With Normal or Poor Hearing: Data From the UK Biobank Resource,kd,Yes,Not present,no_statement,,Cross-sectional,,Examined association between visuospatial working memory and hearing difficulty. Sampled based on outcome but outcome and exposure were measure at same time,,RR,
Ruth2016tudy4710,Events in Early Life are Associated with Female Reproductive Ageing: A UK Biobank Study,MG,Yes,Yes,Cross-sectional,"We included cross-sectional data from 273,474 women from the UK Biobank, recruited in 2006–2010 from across the UK.",,,,,,
Ruth2016tudy4710,Events in Early Life are Associated with Female Reproductive Ageing: A UK Biobank Study,kd,Yes,Yes,Cross-sectional,"""We included cross-sectional data from 273,474 women from the UK Biobank""",,,,,,
Sarka2017bank.016,Residential greenness and adiposity: Findings from the UK Biobank,MG,Yes,Yes,Cross-sectional,"This was a population based cross-sectional study of 333,183 participants aged 38–73 years with individual-level data on residential greenness and built environment exposures.",,,,,,
Sarka2017bank.016,Residential greenness and adiposity: Findings from the UK Biobank,kd,Yes,Yes,Cross-sectional,""" The cross sectional study employed N = 353,670 (70.4%) participants of the UK Biobank""",,,,,,
Sarka2018ants08-0,Are exposures to ready-to-eat food environments associated with type 2 diabetes? A cross-sectional study of 347 551 UK Biobank adult participants,MG,Yes,Yes,Cross-sectional,We conducted a cross-sectional study of adult male and female participants from the baseline phase of the UK Biobank cohort.,,,,,,
Sarka2018ants08-0,Are exposures to ready-to-eat food environments associated with type 2 diabetes? A cross-sectional study of 347<U+2008>551 UK Biobank adult participants,kd,Yes,Yes,Cross-sectional,"""In this cross-sectional observational study, we used data on male and female participants from the baseline phase of the UK Biobank cohort. """,,,,,,
Sarka2018ants51-2,"Residential greenness and prevalence of major depressive disorders: a cross-sectional, observational, associational study of 94 879 adult UK Biobank participants",MG,Yes,Yes,Cross-sectional,"In this cross-sectional, observational, associational study, we used baseline data from the UK Biobank cohort of participants aged 37–73 years from across the UK.",,,,,,
Sarka2018ants51-2,"Association between adiposity outcomes and residential density: a full-data, cross-sectional analysis of 419<U+2008>562 UK Biobank adult participants",kd,Yes,Yes,Cross-sectional,"""For this full-data, cross-sectional analysis, we used UK Biobank data""",,,,,,
Sarka2018ants51-2,"Residential greenness and prevalence of major depressive disorders: a cross-sectional, observational, associational study of 94<U+2008>879 adult UK Biobank participants",kd,Yes,Yes,Cross-sectional,"""In this cross-sectional, observational, associational study, we used baseline data from the UK Biobank cohort""",,,,,,
Shwei2015hort.157,Measures of socioeconomic status and self-reported glaucoma in the U.K. Biobank cohort,MG,Yes,Not present,no_statement,,Cross-sectional,,The UK Biobank study is a voluntary multisite cross-sectional study of 502<U+2009>656 UK residents aged 40–69 years who were registered with the National Health Service living within 25 miles from any of the 22 study assessment centres.,,,
Shwei2015hort.157,Measures of socioeconomic status and self-reported glaucoma in the UK Biobank cohort,kd,Yes,Not present,no_statement,,Case-control,,Examined association of self-reported glaucoma diagnoses four years after UK biobank began with numerous exposures,,RR,
Smith2019bank.024,Characteristics of the environment and physical activity in midlife: Findings from UK Biobank,MG,Yes,Yes,Cross-sectional,"Cross-sectional data were used from the UK Biobank study, collected from 502,656 participants aged 37–73<U+202F>years at recruitment. ",,,,,,
Smith2019bank.024,Characteristics of the environment and physical activity in midlife: Findings from UK Biobank,kd,Yes,Yes,Cross-sectional,"""Cross-sectional data were used from the UK Biobank study""",,,,,,
Steel2019ants.003,"Associations of dietary protein intake with bone mineral density: An observational study in 70,215 UK Biobank participants",MG,Yes,Yes,Cross-sectional,"Because of the cross-sectional nature of this study we were unable to determine the temporal relationships between diet and BMD and, as with any observational study, association may not necessarily infer causation.",,,,,,
Steel2019ants.003,"Associations of dietary protein intake with bone mineral density: An observational study in 70,215 UK Biobank participants",kd,Yes,Yes,Cross-sectional,"""the cross-sectional nature of this study""",,,,,,
Stile2017bankx080,A small amount of precisely measured high-intensity habitual physical activity predicts bone health in pre- and post-menopausal women in UK Biobank,MG,Yes,Yes,Cross-sectional," In a cross-sectional analysis, associations between categories of time (<1, 1–2 and =2 minutes) spent above the intensity thresholds and calcaneal quantitative ultrasound measures of bone health (bone mineral density T-score, BMDT-score; speed of sound, SOS; and broadband ultrasound attenuation, BUA) were examined.",,,,,,
Stile2017bankx080,A small amount of precisely measured high-intensity habitual physical activity predicts bone health in pre- and post-menopausal women in UK Biobank ,kd,Yes,Not present,Cross-sectional," ""In a cross-sectional analysis, associations between categories of time ... spent above the intensity thresholds and .... measures of bone health ... were examined"".",,,,,,
Tong2018banky042,Anthropometric and physiologic characteristics in white and British Indian vegetarians and nonvegetarians in the UK Biobank,MG,Yes,Yes,Cross-sectional,We aimed to perform cross-sectional analyses of diet group with anthropometric and physiologic characteristics in a large cohort in the United Kingdom.,,,,,,
Tong2018banky042,Anthropometric and physiologic characteristics in white and British Indian vegetarians and nonvegetarians in the UK Biobank ,kd,Yes,Yes,Cross-sectional,"""We aimed to perform cross-sectional analyses of diet group with anthropometric and physiologic characteristics in a large cohort in the United Kingdom.""",,,,,,
Travi2016diesw169,Night Shift Work and Breast Cancer Incidence: Three Prospective Studies and Meta-analysis of Published Studies,MG,Yes,Yes,Cohort,Night Shift Work and Breast Cancer Incidence: Three Prospective Studies and Meta-analysis of Published Studies,,,,,,
Travi2016diesw169,Night Shift Work and Breast Cancer Incidence: Three Prospective Studies and Meta-analysis of Published Studies ,kd,Yes,Yes,no_statement,,Cohort,,"""UK Biobank participants answered questions on shift work and were followed for incident cancer"", ""Cox regression models were used to calculate breast cancer incidence rate ratios ... comparing... women reporting night shift work with those who had never worked night shifts""",,,
Tyrre2013tudyt220,Parental diabetes and birthweight in 236 030 individuals in the UK biobank study,MG,Yes,Yes,no_statement,,Cross-sectional,,association between change in birth weight and parental diabetes.,,,not accessible
Tyrre2013tudyt220,Parental diabetes and birthweight in 236 030 individuals in the UK Biobank Study ,kd,Yes,Present but not accessible,,,,,,,,
Tyrre2014ease0041,"Prevalence, associated factors, and comorbid conditions for Meniere's disease",MG,Yes,Not present,Cross-sectional,"The authors used cross-sectional data from the UK Biobank to compare 1376 self-reported Meniere's participants with over 500,000 without Meniere's.",,,,,,
Tyrre2014ease0041,"Prevalence, Associated Factors, and Comorbid Conditions for Ménière’s Disease",kd,Yes,Yes,Cross-sectional,"""The authors used cross-sectional data from the UK Biobank to compare 1376 self-reported Ménière’s participants with over 500,000 without Ménière’s.""",,,,,,
Tyrre2015bank0132,"Associations of Leg Length, Trunk Length, and Total Adult Height With Meniere's: Cross-Sectional Analysis in the UK Biobank",MG,Yes,Not present,Cross-sectional,"Cross-sectional data from the UK Biobank were used to compare 1,327 self-reported Meniere's cases with 479,500 controls.",,,,,,
Tyrre2015bank0132,"Associations of Leg Length, Trunk Length, and Total Adult Height With Ménière’s: Cross-Sectional Analysis in the UK Biobank",KD,Yes,Not present,Cross-sectional,"""We analyzed the retrospective cross-sectional recruitment baseline data in individuals with full data """,,,,,,
Usher2018bank.463,External validation of risk prediction models for incident colorectal cancer using UK Biobank,MG,Yes,Yes,no_statement,,Cohort,,External validation of fourteen risk models from a previous systematic review in 373 112 men and women within the UK Biobank cohort with 5-year follow-up,,,
Usher2018bank.463,External validation of risk prediction models for incident colorectal cancer using UK Biobank,kd,Yes,Yes,no_statement,,Cohort,,Sampled everyone without a prior diagnosis of colorectal cancer (CC) then compared risk models for developing CC at follow up,,,
vonSc2018hort4458,"Associations between chronotype, morbidity and mortality in the UK Biobank cohort",MG,Yes,Yes,Cohort,The unique strengths of this study include its large sample size and the prospective study design.,,,,,,
vonSc2018hort4458,"Associations between chronotype, morbidity and mortality in the UK Biobank cohort",kd,Yes,Yes,no_statement,,Cohort,,"""The unique strengths of this study include its ... prospective study design"" and examined associations between chronotype and all cause mortality and CVD mortality",,,
Walke2016bank52-1,Chronic widespread bodily pain is increased among individuals with history of fracture: findings from UK Biobank,MG,Yes,Not present,Cross-sectional,"In this cross-sectional analysis of the UK Biobank cohort, a history of fracture was associated with increased risk of current widespread chronic pain.",,,,,,
Walke2016bank52-1,Chronic widespread bodily pain is increased among individuals with history of fracture: findings from UK Biobank,kd,Yes,Not present,Cross-sectional,"""In this cross-sectional analysis of the UK Biobank""",,,,,,
Willi2019antsy094,A Frailty Index for UK Biobank Participants,MG,Yes,Yes,no_statement,,Cohort,,"To validate the measure, we assessed associations of the FI with age, sex, and risk of all-cause mortality (follow-up = 9.7 years) using linear and Cox proportional hazards regression models.",,,
Willi2019antsy094,A Frailty Index for UK Biobank Participants,kd,Yes,Yes,no_statement,,Cohort,,"""we assessed associations of the [fragility index] with age, sex, and risk of all-cause mortality (follow-up = 9.7 years) using linear and Cox proportional hazards regression models.""",,,
Wyse2017up/>2045,"Adverse metabolic and mental health outcomes associated with shiftwork in a population-based study of 277,168 workers in UK biobank<sup/>",MG,Yes,Yes,no_statement,,Case-control,,shift-work and non-shift-work are case and control,,cross-sectional,
Wyse2017up/>2045,"Adverse metabolic and mental health outcomes associated with shiftwork in a population-based study of 277,168 workers in UK biobank<sup/>",kd,Yes,Yes,Cross-sectional,"""In this large cross sectional study of UK workers, shiftwork was associated with obesity, depression and sleep disturbance, despite higher levels of physical activity.""",,,,,,
Wyse2018bank2389,"Population-level seasonality in cardiovascular mortality, blood pressure, BMI and inflammatory cells in UK biobank",MG,Yes,Present but not accessible,,,,,,,,
Wyse2018bank2389,"Population-level seasonality in cardiovascular mortality, blood pressure, BMI and inflammatory cells in UK biobank",MG,Yes,Not present,Cross-sectional,"In this cross-sectional study in UK Biobank, we report annual variations in cardiovascular risk factors and mortality that were associated with day length independent of environmental and lifestyle factors.",,,,Redid saying the supplementary material was there (even though it wasn't) so I could document the method/design as it was clearly stated.,,
Wyse2018bank2389,"Population-level seasonality in cardiovascular mortality, blood pressure, BMI and inflammatory cells in UK biobank",kd,Yes,Present but not accessible,,,,,,,,
Yaghj2018bank28-x,Interactions of coffee consumption and postmenopausal hormone use in relation to breast cancer risk in UK Biobank,MG,Yes,Not present,Cohort,"In this prospective cohort of 126,182 women, 2,636 women developed breast cancer and 123,546 women remained cancer-free during the follow-up.",,,,,,
Yaghj2018bank28-x,Interactions of coffee consumption and postmenopausal hormone use in relation to breast cancer risk in UK Biobank,kd,Yes,Not present,no_statement,,Case-control,,investigated the associations of coffee consumption in women with & without breast cancer,,cohort,
Yates2017tudyx449,"Association of walking pace and handgrip strength with all-cause, cardiovascular, and cancer mortality: a UK Biobank observational study",MG,Yes,Yes,no_statement,,Cohort,,"In the full cohort, Cox-proportional hazard models were used to investigate the association of walking pace and handgrip strength with mortality using age as time scale.",,,
Yates2017tudyx449,"Association of walking pace and handgrip strength with all-cause, cardiovascular, and cancer mortality: a UK Biobank observational study ",kd,Yes,Yes,no_statement,,Cohort,,"""Aims: To quantify the association of self-reported walking pace and handgrip strength with all-cause, cardiovascular, and cancer mortality"" measured at follow up. Used Cox proportional hazard models.",,,
Yates2018tudy.006,"Reaction time, cardiorespiratory fitness and mortality in UK Biobank: An observational study",MG,Yes,Yes,no_statement,,Cohort,,"Over 5.8 years of follow-up, there were 779 deaths.",,,
Yates2018tudy.006,"Reaction time, cardiorespiratory fitness and mortality in UK Biobank: An observational study",kd,Yes,Yes,no_statement,,Cohort,,"investigates ""whether intelligence, reaction time and cardiorespiratory fitness are independently associated with all-cause mortality"" at follow up",,,
Zemed2018Data.012,Patterns of Multimorbidity in Middle-Aged and Older Adults: An Analysis of the UK Biobank Data,MG,Yes,Yes,no_statement,,Cross-sectional,,"due to the cross-sectional nature of the data, the study cannot establish any causal links between conditions",,,
Zemed2018Data.012,Patterns of Multimorbidity in Middle-Aged and Older Adults: An Analysis of the UK Biobank Data,kd,Yes,Yes,Cross-sectional,"""the present research was based on cross-sectional data""",,,,,,
