article_id,predict.mg,predict.kd,predict.correct,s8starred_i.mg,s8starred_i.kd,s8starred_i.correct,s8starred_i_ev.mg,s8starred_i_ev.kd
Abboo2018bank0207,,,,Yes,Partially,Partially,"""The baseline assessment includes electronic signed consent, self-completed touch-screen questionnaire, computer-assisted interview, physical and functional measures, and blood, urine and saliva sample collection."" and gives more detail.","Missing sources for smoking, alcohol and education ""In the self-reported AS case-control study, AS was identified by asking the participants whether they had been told by a doctor that they have some sort of severe non-cancer illness or disability. If the participant was uncertain of the type of illness they had, they described it to the interviewer (a trained nurse) who attempted to place it within the coding tree. If the illness could not be located in the coding tree, then the interviewer entered a free-text description of it. These free-text descriptions were subsequently examined by a doctor and, where possible, matched to entries in the coding tree. Free-text descriptions which could not be matched with very high probability were marked as ""unclassifiable""....Oral conditions were defined according to the selfreported data on mouth/teeth or dental problems. The participants used a touchscreen to answer the question ""Do you have any of the following? (You can select more than one answer)‚Äù. The possible answers were: Mouth ulcers, painful gums, bleeding gums, loose teeth, toothache, and dentures."""
Ander2018ysis.022,,,,Yes,Yes,Yes,"""Dietary information was collected using a self-completed food frequency questionnaire."" also ives more specifics","""UK Biobank recruited 273,466 women aged 40√¢‚Ç¨‚Äú69 years from the general population between 2007 and 2010. Baseline socioeconomic and lifestyle information were collected via a self-completed, touch-screen questionnaire and anthropometric measurements taken by trained staff. Self-reported moderate and vigorous physical activity were converted to METs√Ç¬∑min√Ç¬∑week-1, and dichotomised to inactive (<600 METs√Ç¬∑min√Ç¬∑week-1) and active (=600 METs√Ç¬∑min√Ç¬∑week-1). Dietary information was collected using a self-completed food frequency questionnaire. Frequency of beef, pork and lamb intake (excluding processed meat) and frequency of processed meat intake were recorded. These were converted into probabilities of daily consumption, multiplied by normal portion sizes [7] and then weighted by size of portion: small 0.5, medium 1.0 or large 1.5. We then derived four categories of red/processed meat intake: zero intake and tertiles of consumption for those consuming some. Follow-up information (min 5.33 years and max 9.89 years) on the date of first diagnosis of cancer was obtained via linkage to three routine administrative databases: cancer registrations, death certificates and hospital admissions. Date and cause of death were obtained from death certificates held by the National Health Service (NHS) Information Centre (England and Wales) and the NHS Central Register Scotland (Scotland). Date and cause of hospital admissions were obtained from the Health Episode Statistics (HES) for England and Wales and the Scottish Morbidity Record 01 (SMR01) for Scotland. At the time of analysis, mortality data were available up to 31 January 2016 and hospital admission and cancer registry data until 31 March 2015. Therefore, follow-up was censored at 31 January 2016 or date of death if this occurred earlier. There were 54 participants who withdrew consent from UK Biobank at the time of analysis. All databases used the International Classification of Diseases and we defined breast cancer as ICD10 code C50."""
Boaky2018antsx102,,,,Yes,Yes,Yes,both gives questions and says it was from a validated questionnaire,"""UK Biobank36 recruited 502 655 men and women aged 40‚Äì69 years from the general population between 2006 and 2010. Participants attended one of 22 assessment centres across the UK where they completed a touch-screen questionnaire.37 A validated questionnaire was used to obtain information on a number of variables such as socio-demographic characteristics (age, sex and ethnicity), lifestyle factors (smoking behaviour), occupational information (frequency of shift work) and self-reported health (stress, depression and health rating) from the participants."""
Cassi2017ants7982,,,,Yes,Yes,Yes,"""Sociodemographic, smoking, alcohol, physical activity, dietary intake and sleep duration data were collected from the touchscreen questionnaire. Smoking and alcohol status were obtained by asking participants to respond to ‚ÄòPrefer not to answer‚Äô, ‚ÄòNever‚Äô, ‚ÄòPrevious‚Äô and ‚ÄòCurrent‚Äô. Physical activity was assessed using adapted questions from the validated short International Physical Activity Questionnaire (IPAQ)[17] which collects information on the frequency and duration of time spent in walking, moderate and vigorous activity in the previous 7 days.""","""Baseline measurements
Sociodemographic, smoking, alcohol, physical activity, dietary intake and sleep duration data were collected from the touchscreen questionnaire. Smoking and alcohol status were obtained by asking participants to respond to ‚ÄòPrefer not to answer‚Äô, ‚ÄòNever‚Äô, ‚ÄòPrevious‚Äô and ‚ÄòCurrent‚Äô. Physical activity was assessed using adapted questions from the validated short International Physical Activity Questionnaire (IPAQ)[17] which collects information on the frequency and duration of time spent in walking, moderate and vigorous activity in the previous 7 days. Data processing rules for IPAQ were followed [18]. According to the current UK physical activity guidelines [19] we identified those who reached 150 minutes of moderate or 75 minutes of vigorous activity per week, or a combination of both. Walking was considered as moderate activity. Participants reported how long they spent watching television (TV) on a typical day. This was asked twice to those who responded >8 hours, therefore high values were deemed robust. Those who reported more than 3 hours/day were identified based upon previous literature [20]. Diet was reported using the Food Frequency Questionnaire [21] and healthy eating was assessed using the UK‚Äôs fruit and vegetable guidelines of 5 portions per day [21]. The townsend deprivation index combines information on housing, employment, car availability and social class, with higher values representing lower socioeconomic status. This was calculated before participants joined the UK Biobank and was based on the preceding national census data, with each participant assigned a score corresponding to the home postcode [16].

To measure sleep duration, participants were asked ‚ÄòAbout how many hours sleep do you get in every 24 hours?‚Äô (please include naps). This was asked twice to those who responded >12 hours. As sleep shows a ‚ÄòU‚Äô shaped relationship with CM risk [22], we created 3 sleep duration groups of <6 (poor sleep), 6‚Äì9 (good sleep), and >9 hours (poor sleep) per night.

Body mass index (BMI) was calculated from: weight (kg)/height(m)2. Weight was measured using the Tanita BC-418MA body composition analyser, to the nearest 0.1 kg and height was measured using a Seca 202 height measure. Waist circumference (cm) was measured at the level of the umbilicus using a Wessex non-stretchable sprung tape measure, which has previously been adopted in large health studies [23]. Participants were asked to adjust clothing for accuracy, and all staff were trained in taking these measures. Self-report disease status (including Sleep Apnoea and hypertension) and medication use was obtained from participants during the touchscreen questionnaire, which was then entered and verified by a UK Biobank nurse after further questioning during the verbal interview. The interview provided extra information such as time of diagnosis, and if the trained nurse decides that the illness or medication had been incorrectly selected, they could remove the selection.

Four groups were created depending on self-reported medication use"""
Celis2017tudy0921,,,,Yes,Yes,Yes,"""they completed a touch screen questionnaire, had physical measurements taken,
 and provided biological samples as previously described (12,13).""","""Sociodemographic and lifestyle characteristics
Postmenopausal women completed a touchscreen questionnaire (available online: http://www.ukbiobank.ac.uk/resources/) including questions on sociodemographic characteristics, health status, and lifestyle habits. Participants self‚Äêreported their age, sex, and ethnicity. Ethnicity was categorized as White or other (mixed, Asian, Black, Chinese, and other). A Townsend deprivation score was computed for all participants using information about employment, car and home ownership, and household overcrowding.20 A higher Townsend deprivation score is indicative of greater levels of an area's socio‚Äêeconomic deprivation.20 Participants reported their smoking status (never, previous, or current) and their alcohol intake (never, previous, or current). Data on physical activity including frequency (number of days in a typical week that participants performed 10 min or more of walking, moderate, and vigorous physical activity) and duration (minutes spent on each activity category on a typical day) were collected by asking questions similar to those included in the International Physical Activity Questionnaire.21 For each activity category, the frequency was multiplied by the duration and the metabolic equivalent value (3.3 for walking, 4.0 for moderate physical activity, and 8.0 for vigorous physical activity), which were then summed to generate a score of metabolic equivalent minutes of physical activity per week for each participant.

Medical history and current medications
Self‚Äêreported data on medical conditions were collected at baseline by asking participants whether a doctor has diagnosed any cancer or diabetes. Participants reported if they had undergone bilateral oophorectomy or hysterectomy or were on hormone replacement therapy (HRT). Self‚Äêreported data on fracture occurrence (yes or no) over the past 5 years were also collected. Information on X‚Äêray verification was unavailable.

Quantitative heel ultrasound
Quantitative ultrasound of the heel was performed using the Sahara Clinical Sonometer (Hologic, Bedford, Massachusetts) according to a standardized protocol. Trained staff checked if participants were able to undertake both left and right heel ultrasound measurement. Those with open wounds, breaks or sores around the heel, or metal parts (such as pins) in the heel did not undertake measurement of that heel. Each centre used the same machine model, and quality control was performed with a phantom on a daily basis as per manufacturer's instructions. The mean values for BMDs (g/cm2) and BMD T‚Äêscores for the left and right heel were computed.

Anthropometric and bioelectrical impedance measurements
Height was measured using the SECA 240 height measure (SECA, Hamburg, Germany). Participants removed their socks and footwear and stood flat footed with their heels against a back plate. Body mass was measured to the nearest 0.1 kg using a segmental body composition analyser (Tanita BC‚Äê418MA, Tokyo, Japan). Height and weight were used to calculate BMI as weight (kg) divided by height squared (m2). Waist circumference was measured at the level of the umbilicus using a tape measure. All these measurements were performed by trained staff....Assessment of outcome
Via the Health and Social Care Information Centre for English and Welsh participants and the Information Services Department for Scottish participants, we ascertained the diagnosis of osteoporosis with or without a pathological fracture until 31 January 2016 for England and Wales and 30 November 2015 for Scotland. Diagnoses of the events were confirmed by primary care physicians and coded according to the World Health Organization's International Classification of Diseases 10th Revision (ICD‚Äê10: M80‚ÄêM82)."""
Celis2018ants1651,,,,Partially-External,Partially-External,Partially-External,"""where they completed a touch screen questionnaire, had physical measurements taken, and provided biological samples, as described in detail elsewhere."" ""as previously described""","Missing sources for ethnicity and smoking but links to protocol for more details on measuremnt""Date of death and date and cause of hospital admissions were identified as described previously...Grip strength was measured as previously described,19 and the mean of the right and left values was expressed in absolute units (kg) for subsequent analysis. Physical activity was based on self report, using the International Physical Activity Questionnaire short form,20 and total physical activity was calculated as the sum of walking and moderate and vigorous activity, measured as metabolic equivalents (MET-min/week). We derived total time spent in sedentary behaviours from the sum of self reported time spent driving, using a computer, and watching television.

Dietary information was collected via the Oxford WebQ, a web based 24 hour recall questionnaire that was developed specifically for use in large population studies.2122 We derived area based socioeconomic status from the postcode of residence, using the Townsend score.23 We calculated age from dates of birth and baseline assessment. We categorised smoking status into never, former, and current smoking. We collected medical history (physician‚Äôs diagnosis of depression, stroke, angina, heart attack, hypertension, cancer, diabetes, hypertension, chronic obstructive pulmonary disease, or longstanding illness) from the self completed baseline assessment questionnaire. Trained nurses measured height and body weight during the initial assessment centre visit. We calculated body mass index as weight/height2 and used the World Health Organization‚Äôs criteria to classify it into categories of underweight (<18.5), normal weight (18.5 to <25), overweight (25 to <30), obese (30 to <35), obesity class 2 (35 to <40), and obesity class 3 (‚â•40). Trained nurses measured body composition (body fat and fat free mass) by using bio-impedance. Further details of these measurements can be found in the UK Biobank‚Äôs online protocol (http://www.ukbiobank.ac.uk)."""
Cook2018banky224,,,,Yes,Yes,Yes,gives everything,"""Participants attended an assessment centre in the UK and completed a detailed questionnaire on a touch-screen computer about their lifestyle, including smoking status (never, past or current) and frequency of alcohol consumption (daily or almost daily, 2‚Äì3 times per week, 1‚Äì2 times per week, 1‚Äì3 times per month, special occasions only or never). Participants were subsequently interviewed by a trained research nurse to determine whether they had been diagnosed with any medical conditions and their medication use. Physical measurements were also taken, including blood pressure, weight and height, which were used to calculate BMI. The Townsend deprivation index was calculated for each participant immediately prior to recruitment to the UK Biobank based on the preceding national census output areas [26]....Physical activity was recorded using the International Physical Activity Questionnaire, a validated physical activity instrument [27]. Participants were asked about the number of days per week and the number of minutes per day they typically spend doing physical activity in bouts of ‚©æ10 min at three levels: walking, moderate (e.g. cycling at a normal pace) and vigorous (e.g. aerobics). Participants were categorized as having a low, moderate or high physical activity level based on the International Physical Activity Questionnaire algorithm....Participants were asked whether they had ever been told by a doctor that they had certain common medical conditions, including heart attack, angina, stroke, high blood pressure, diabetes (any type) and emphysema/chronic bronchitis. Other co-morbidities, including chronic obstructive pulmonary disease and depression were recorded during the interview with a research nurse. Morbidities were coded in the UK Biobank database using a hierarchical structure loosely based on International Classification of Diseases-10 (ICD-10) codes [30]...Participants answering yes to the question ‚ÄòHas a doctor ever told you that you have had any other serious medical conditions or disabilities?‚Äô were asked the following question during the interview: ‚Äòin the touch-screen questionnaire, you selected that you have been told by a doctor that you have other serious illnesses or disabilities. Could you now tell me what they are?‚Äô...During the interview, details of medications being used at the time of the assessment were recorded by the research nurse, by selecting the drug name from a pre-specified list."""
Davie2018bank79-y,Yes,Yes,No,,,,,
Drega2017ders1214,,,,Yes,Yes,Yes,gives all,"""Self-report of a clinician diagnosis of CHD (ie, myocardial infarction, angina), stroke, T2DM, PAD and VTE events were used to develop the primary outcome measures for the cross-sectional investigation....Official data from the National Health Service‚Äôs Centre Registry were used to develop two binary (yes/no) secondary outcomes measures: all-cause mortality and CVD-related mortality...The study exposures were represented by seven chronic inflammatory disorders, namely RA, psoriasis, Crohn‚Äôs disease, UC, SLE, systemic vasculitis and AS. These measures were based on participants self-report of a clinician diagnosis and were developed into separate binary variables (yes/no). ....Because of the cross-sectional nature of the data at baseline, the study covariates included sociodemographic characteristics, specifically age (continuous measure), gender (female vs male), deprivation, education and ethnicity. Deprivation was based on Townsend deprivation indices derived from aggregated data on car ownership, household overcrowding, owner occupation and unemployment (higher scores represent higher degree of deprivation). For the present study, participants were grouped into quintiles of deprivation. Education (options included degree, Advanced(A) levels/Advanced Subsidiary(AS) levels, O levels/General Certificate of Secondary Education (GCSE), Certificate of Secondary Education (CSEs), National Vocational Qualification (NVQ)/Higher National Diploma (HND)/Higher National Certificate (HNC) or none) was included as a binary variable comparing participants with a degree or professional qualification with those with other qualifications.15 Self-reported ethnicity classified participants into white, Asian (eg, India, Pakistan or Bangladesh), Chinese, black, or mixed/other. Lifestyle factors (eg, smoking, physical activity, diet, obesity) are important risk factors for CVD, however, because these were measured at the date of assessment adjusting for them in the analysis may have introduced bias (their value is likely to have changed over time). As educational level is related to lifestyle factors, we adjusted for this factor in the analyses. Two additional binary (yes/no) covariates were included in the sensitivity analyses: self-reported antihypertensive therapy and lipid-lowering therapy. Data on the prevalence of atherogenic risk factors (eg, smoking, body mass index, hypertension, dyslipidaemia) are provided in the online supplementary table S1.""



"
Elova2017tudy75-0,,,,Yes,Yes,Yes,gives specific questions and deaths register. (not touchscreen though),"""For the UK Biobank project, baseline questionnaires and physical measures (eg, standard anthropometry and spirometry) were collected and blood and urine samples were stored, as described elsewhere.11 502<U+2008>656 individuals were recruited (5% of the eligible population) in the UK Biobank. This study was done under generic approval from the National Health Service National Research Ethics Service (June 17, 2011; Ref 11/NW/0382). Participants provided electronic informed consent for the baseline assessments and the register linkage. Procedures The social isolation scale used by the UK Biobank was constructed from three questions: (1) √¢‚Ç¨≈ìIncluding yourself, how many people are living together in your household? Include those who usually live in the house such as students living away from home during term time, partners in the armed forces or professions such as pilots√¢‚Ç¨¬ù (1 point for living alone); (2) √¢‚Ç¨≈ìHow often do you visit friends or family or have them visit you?√¢‚Ç¨¬ù (1 point for friends and family visit less than once a month); and (3) √¢‚Ç¨≈ìWhich of the following [leisure/social activities] do you engage in once a week or more often? You may select more than one√¢‚Ç¨¬ù (1 point for no participation in social activities at least weekly). Thus, individuals could score a total of 0√¢‚Ç¨‚Äú3; an individual was defined as socially isolated if he or she scored 2 or 3; those who scored 0 or 1 were classified as not isolated. Similar scales have been used previously in other UK studies.12 Loneliness was assessed with two questions: √¢‚Ç¨≈ìDo you often feel lonely?√¢‚Ç¨¬ù (no=0, yes=1) and √¢‚Ç¨≈ìHow often are you able to confide in someone close to you?√¢‚Ç¨¬ù (0=almost daily to about once a month; 1=once every few months to never or almost never). An individual was defined as lonely if he or she scored 2, and not lonely if he or she scored 0 or 1. Similar questions are included in scales such as the revised UCLA Loneliness Scale.13 Follow-up for all deaths irrespective of cause started at inclusion in the UK Biobank study (from national death registers) and ended on Aug 14, 2015, or upon death, for all participants. The cause-specific-mortality International Classification of Diseases (ICD) codes were as follows: neoplasms (C00√¢‚Ç¨‚ÄúD48), diseases of the circulatory system (I05√¢‚Ç¨‚ÄúI89), and other diseases (all remaining ICD-10 codes). Details of the assessments of participants' variables are publicly available.14 Briefly, participants completed several touch-screen computer-based questionnaires, and then had a face-to-face interview with a trained researcher. The information collected included basic demographics (sex and age), ethnic origin (white vs other), socioeconomic factors (educational attainment, household income, and postcode of residence with the corresponding Townsend deprivation index score), and chronic diseases (diabetes, cardiovascular disease, cancer, and other long-standing illness, disability, or infirmity). The Townsend deprivation index is an integrated neighbourhood-level measure of unemployment, non-car ownership, non-home ownership, and household overcrowding across the UK.15 To assess biological factors, trained data collectors measured height and weight in all participants during clinic attendance using standard operating procedures, and the body-mass index (BMI) was subsequently calculated. Procedures for measuring systolic and diastolic blood pressure and handgrip strength are reported in the UK Biobank protocol, which is available online.11 Behavioural factors, including cigarette smoking (current smoker [yes or no]; ex-smoker [yes or no]), physical activity (moderate and vigorous), and alcohol intake frequency (at least three times a week vs twice a week or less) were self-reported on a questionnaire. Psychological factors comprised current depressive symptoms and general cognitive capacity. Depressive symptoms were measured using the frequency of four items from the Patient Health Questionnaire (PHQ):16, 17 (1) depressed mood, (2) disinterest or absence of enthusiasm, (3) tenseness or restlessness, and (4) tiredness or lethargy in the previous 2 weeks. General cognitive capacity (numeric memory, verbal√¢‚Ç¨‚Äúnumerical reasoning, reaction time, and visual memory) was assessed by use of a touch-screen application.18 Self-rated health was assessed using the following question answered on a four-point scale (1=poor; 4=excellent): √¢‚Ç¨≈ìIn general, how would you rate your overall health?√¢‚Ç¨¬ù!"
Foste2018hort00-7,,,,No,Partially-External,becky it,,"Missing source for smoking and don't say if which quesitonnaires were nurse-led or self-report but link to UK website ""Participants attended one of 22 assessment centres across England, Scotland, and Wales, where they completed touchscreen and nurse-led questionnaires, had physical measurements taken, and provided biological samples.15 All individuals registered with the National Health Service (NHS) aged 40‚Äì69 years who were living within 25 miles from one of the 22 study assessment centres were invited to participate; those who responded and had capacity to consent were included. Participants were excluded from analyses if they reported implausible values for physical activity, television viewing time, or sleep duration, defined as the sum of their total physical activity, sleep duration, and total screen time exceeding 24 h. Further details of these measurements can be found in the UK Biobank online protocol.16"""
Harve2018hort3375,,,,Yes (Could Be Partially External.,Partially-External,Partially-External,"""Participants completed a series of touchscreen computer‚Äêbased questionnaires followed by a face‚Äêto‚Äêface interview with trained research staff. Details of the assessments and variables are publicly available (http://biobank.ctsu.ox.ac.uk/crystal/), and a transcript of the touchscreen questionnaire may be downloaded (http://www.ukbiobank.ac.uk/wp-content/uploads/2011/06/Touch_screen_questionnaire.pdf?phpMyAdmin=trmKQlYdjjnQIgJ%2CfAzikMhEnx6)."" And igves more detail although it doesn't say qhich question come from interview or questionaire.","Missing what kind of questionnaire used to collect sociodemographic variables but link to transcript of questionnaire ""Participants completed a series of touchscreen computer‚Äêbased questionnaires followed by a face‚Äêto‚Äêface interview with trained research staff. Details of the assessments and variables are publicly available (http://biobank.ctsu.ox.ac.uk/crystal/), and a transcript of the touchscreen questionnaire may be downloaded (http://www.ukbiobank.ac.uk/wp-content/uploads/2011/06/Touch_screen_questionnaire.pdf?phpMyAdmin=trmKQlYdjjnQIgJ%2CfAzikMhEnx6). The information collected included sociodemographics (age, sex, ethnicity, educational attainment) and lifestyle factors (including cigarette smoking, diet, physical activity, and alcohol use), medication, and supplement use. Physical activity was documented through the question: ‚ÄúIn a typical WEEK, how many days did you do 10 minutes or more of vigorous physical activity? (these are activities that make you sweat or breathe hard such as fast cycling, aerobics, heavy lifting).‚Äù Height and weight were measured in all participants by trained data collectors during the clinic attendance using standard operating procedures, and body mass index (BMI) was subsequently calculated (kg/m2). We obtained information on incident hospital admission coded using the International Statistical Classification of Diseases and Related Health Problems, 10th Revision (ICD‚Äê10) for ischemic heart disease (IHD: I20‚ÄìI25), myocardial infarction (MI: I21), and death after these events, through linkage to Hospital Episode Statistics and death registry data (Office for National Statistics) with data included up to 10 years after baseline assessment."""
Kim2017tudy.122,,,,Yes,Partially,Partially,in detail for each,"Missing sources of age, ethnicity, smoking, alochol and employment ""Exposures
Grip strength (GS)
GS was assessed once in each hand using a hydraulic hand dynamometer (Jamar J00105, Lafayette, IN, USA), which can measure isometric grip force up to 90‚Äâkilograms. The device has good reliability and reproducibility.21 Staff calibrated the device at the start of each measurement day. Each participant was asked to sit upright on a chair with their forearm on the armrest, and then grasp the handle of the device in their right hand. They were required to maintain a 90¬∞ angle of their elbow adjacent to their side so that their thumb would face upwards, while squeezing the handle as strongly as possible for ~3‚Äâs. The same protocol was performed with the left hand. For the current analysis, we used average values of the two hands; unless the value from only one hand was available (n=233). Sex- and age-specific quintiles of GS were generated for analyses (Supplementary Table 1).

Adiposity measures
Body mass index (BMI) was calculated by dividing measured weight (kg) by measured height squared (m2). Waist circumference (WC) was measured by a tape measure at the level of the umbilicus. For the present analyses, BMI (kg‚Äâm‚àí2) was categorised as normal weight (18.5‚Äì24.9), overweight (25.0‚Äì29.9), obesity class I (30.0‚Äì34.9) and obesity class II (‚©æ35.0). A total of 62 men and 373 women who were underweight (BMI<18.5 kg‚Äâm‚àí2) were excluded from the analyses because of small sample size. Three categories of WC were generated according to the following sex-specific cut points: ‚©Ω79.9‚Äâcm, 80.0‚Äì87.9‚Äâcm and ‚©æ88.0‚Äâcm for women, and ‚©Ω93.9‚Äâcm, 94.0‚Äì101.9‚Äâcm and ‚©æ102.0‚Äâcm for men.22

Physical activity outcomes
Accelerometer data collection
An invitation to participate in the PA sub-study was emailed between February 2013 and December 2015 to 236‚Äâ519 participants who had given a valid email address upon recruitment. Participants in the North West region who had been involved in other sub-studies were not invited for accelerometer measurement due to the potential participant burden. Enclosed in an envelope, a tri-axial accelerometer (Axivity AX3, Newcastle upon Tyne, UK23) configured to capture three-dimensional acceleration at 100‚ÄâHz with a dynamic range of ¬±8‚Äâg was mailed, along with instructions on proper use of the device, to consenting participants, who were asked to start wearing the monitor on the dominant wrist (defined as the hand that participants typically use to write) upon receipt and for the next 7 days. Devices were programmed to start and finish recording at pre-specified times. Participants were requested to send the monitor back to the co-ordinating centre in a provided pre-paid envelope at the end of the 7-day monitoring period....baseline self-reported MVPA"""
Kunzm2018noma.014,Yes,Yes,Yes,,,,,
Kyle2017bank.001,,,,Partially,Yes,Partially,"""Questionnaires and cognitive assessments were administered in a standardised order via a computerized touchscreen interface, followed by a face-to-face interview with a research nurse to obtain additional data. Assessments of sleep-related variables and cognitive performance took place in a single visit lasting approximately 90 minutes."" but not age sex or townsend","""All participants gave written informed consent. Assessmentswere conducted at 22 centres across England, Scotland, and Walesbetween 2006 and 2010. Questionnaires and cognitive assessmentswere administered in a standardised order using a computerisedtouchscreen interface, followed by a face-to-face interview with aresearch nurse to obtain additional data. Sleep-related variablesand cognitive performance were assessed in a single visit thatlasted approximately 90 min.2.3. Sleep-related variablesTo assess insomnia symptoms, participants were asked√¢‚Ç¨ÀúDo youhave trouble falling asleep at night or do you wake up in themiddle of the night?√¢‚Ç¨‚Ñ¢with responses√¢‚Ç¨Àúnever/rarely√¢‚Ç¨‚Ñ¢,√¢‚Ç¨Àúsometimes√¢‚Ç¨‚Ñ¢and√¢‚Ç¨Àúusually√¢‚Ç¨‚Ñ¢. Participants were categorised as having frequentinsomnia symptoms if they answered√¢‚Ç¨Àúusually√¢‚Ç¨‚Ñ¢to this question,while the remaining participants made up the control groupwithout frequent insomnia symptoms. Chronotype was assessedusing the following question:√¢‚Ç¨ÀúDo you consider yourself to be√¢‚Ç¨‚Ñ¢...:√¢‚Ç¨Àúdefinitely a√¢‚Ç¨≈ìmorning√¢‚Ç¨¬ùperson√¢‚Ç¨‚Ñ¢,√¢‚Ç¨Àúmore a√¢‚Ç¨≈ìmorning√¢‚Ç¨¬ùthan√¢‚Ç¨≈ìevening√¢‚Ç¨¬ùperson√¢‚Ç¨‚Ñ¢,√¢‚Ç¨Àúmore an√¢‚Ç¨≈ìevening√¢‚Ç¨¬ùthan√¢‚Ç¨≈ìmorning√¢‚Ç¨¬ùperson√¢‚Ç¨‚Ñ¢,√¢‚Ç¨Àúdefinitely an√¢‚Ç¨≈ìevening√¢‚Ç¨¬ùperson√¢‚Ç¨‚Ñ¢. For the purposes of the present study, wecollapsed the two middle responses into an√¢‚Ç¨Àúintermediate√¢‚Ç¨‚Ñ¢chro-notype category, permitting comparisons with the√¢‚Ç¨Àúdefinitelymorning√¢‚Ç¨‚Ñ¢and√¢‚Ç¨Àúdefinitely evening√¢‚Ç¨‚Ñ¢groups. Sleep duration wasrecorded as the number of reported hours to the following ques-tion:√¢‚Ç¨ÀúAbout how many hours sleep do you get in every 24 h? (include naps)√¢‚Ç¨‚Ñ¢. Given previously established U-shape relationshipswith health and cognition[20], we categorised sleep duration intoshort (<7 h), normal (7e9h)andlong(>9 h) based on recentguidelines[21].2.4. Cognitive performanceFive cognitive measures were administered through a compu-terised touchscreen interface[22]. Time to complete allfivecognitive tests was approximately 15 min. The tests were designedspecifically for the UK Biobank to allow administration at scalewithout examiner supervision. The tasks show evidence of an un-derlying performance factor and good stability over time, with theexception of visual memory performance, which has a compara-tively lower intraclass correlation coefficient[22]. Thefive tasks involved the following instructions:Reasoning: This task assessed the ability to solve 13 verbal andnumeric reasoning problems. Each problem hadfive possibleresponse options. The dependent variable was the total numberof correct answers given (range 0e13) within a 2-min period,with higher scores indicating better performance.Basic reaction time: This task was delivered in the style of thecard game,√¢‚Ç¨Àúsnap√¢‚Ç¨‚Ñ¢, and requested participants to respond with abutton press when they detected the appearance of a matchingpair of symbols. The dependent variable was the mean responsetime in milliseconds across 12 matching-pair trials. RT valueswere log-transformed because of skewed distribution (ln x).Numeric short-term memory: In this task, a string of numberswas presented on the screen, which subsequently disappeared.Participants were then asked to enter the number string frommemory, in the reverse order, through a keypad. The dependentvariable was the maximum string length recalled correctly(range: 0e12), with higher scores indicating better perfor-mance. The test was discontinued afterfive successive incorrectresponses at string length√Ç¬º2.Visual memory: In this task, six card pairs of symbols were pre-sented on-screen in a random pattern. Cards were then turnedface down on the screen, and participants were asked to locate asmany symbol pairs as possible in as few attempts as possible. Thedependent variable was the number of errors made during pairsmatching (range 0e146), which was log-transformed because ofskewed distribution and zero inflation (ln (x√É¬æ1)).Prospective memory: In this task, participants were asked toremember to perform a pre-planned instruction. Specifically, atthe beginning of the test battery, they were presented with thefollowing instruction:√¢‚Ç¨ÀúAt the end of the games we will show youfour coloured symbols and ask you to touch the blue square.However, to test your memory, we want you to actually touch theorange circle instead√¢‚Ç¨‚Ñ¢. If participants remembered to touch theorange circle onfirst attempt, they were coded as√¢‚Ç¨Àúcorrect√¢‚Ç¨‚Ñ¢(1),while those failing to do so were set to 0.2.5. Demographic dataDemographic data included age, sex, and neighbourhood-levelsocioeconomic status as measured by the Townsend index of ma-terial deprivation. For statistical analyses, socioeconomic status waslog-transformed because of skewed distribution by using an√¢‚Ç¨Àúln(x√É¬æ7)√¢‚Ç¨‚Ñ¢equation (minimum of non-transformed index:6.26).Educational qualifications were recorded and were dichotomisedaccording to whether participants held a college/university degree.We also included body mass index (BMI) as a covariate in adjustedanalyses.2.6. Medication and clinical dataCurrent medications were self-reported to the research nurse,and the participants were dichotomised according to whether theywere taking sleep medication (sedatives and hypnotics), any otherpsychotropic medication (mood stabilisers, antidepressants, andantipsychotics) or antihypertensive medication (ACE inhibitors,angiotensin II antagonists, beta blockers, calcium channel blockers,and diuretics). Current depressive symptoms were assessed usingthe following question:√¢‚Ç¨ÀúOver the past two weeks, how often haveyou felt down, depressed or hopeless?√¢‚Ç¨‚Ñ¢, with the followingresponse options:√¢‚Ç¨Àúnot at all√¢‚Ç¨‚Ñ¢,√¢‚Ç¨Àúseveral days√¢‚Ç¨‚Ñ¢,√¢‚Ç¨Àúmore than half thedays√¢‚Ç¨‚Ñ¢or√¢‚Ç¨Àúnearly every day√¢‚Ç¨‚Ñ¢. For the purpose of the present analyses,those scoring√¢‚Ç¨Àúseveral days√¢‚Ç¨‚Ñ¢,√¢‚Ç¨Àúmore than half the days√¢‚Ç¨‚Ñ¢or√¢‚Ç¨Àúnearlyevery day√¢‚Ç¨‚Ñ¢were coded in the√¢‚Ç¨Àúdepressive symptoms√¢‚Ç¨‚Ñ¢category, whilethose scoring√¢‚Ç¨Àúnot at all√¢‚Ç¨‚Ñ¢were considered in the√¢‚Ç¨Àúno depressivesymptoms√¢‚Ç¨‚Ñ¢category. In addition, participants were dichotomisedaccording to whether they reported hypertension or any cardio-vascular disease.2.7. AnalysesDescriptive data presentation included mean values and stan-dard deviations and the proportion of the sample reporting specificquestionnaire response options. Questionnaire response options,√¢‚Ç¨Àúdo not know√¢‚Ç¨‚Ñ¢or√¢‚Ç¨Àúprefer not to answer√¢‚Ç¨‚Ñ¢, were handled as missingvalues. For cognitive dependent variables, the sample size variedacross tests because the reasoning and prospective memory testswere added after the commencement of data collection, while thenumeric memory task was included from the outset but subse-quently removed because of time constraints.In afirst step (unadjusted analyses, model 1), the associationbetween insomnia status (those with frequent insomnia symptomsvs. those without frequent insomnia symptoms) and cognitiveperformance was analysed using four linear models, with insomniastatus as the single predictor variable and reasoning, basic reactiontime, numeric memory, and visual memory as dependent variables.The association between insomnia status and prospective memoryperformance was investigated using a logistic model. In a secondstep (model 2), age, sex, socioeconomic status, and education wereadded as covariates in the linear and logistic models described inmodel 1. In a third step (model 3), chronotype (with the interme-diate type as the reference category), sleep medication use, BMI as acontinuous variable, hypertension, antihypertensive medication,cardiovascular disease, depressive symptoms, and psychotropicmedication were added as further covariates. In afinal step (model4), sleep duration (with 7e9 h as the reference category) wasinserted as an additional predictor of cognitive performance. Wetherefore report unadjusted and multivariate-adjusted relation-ships between insomnia status and cognitive outcomes. For chro-notype, sleep duration and sleep medication, we report only thefully adjusted relationships (model 4) controlling for all de-mographic, clinical and remaining sleep variables. Given that weanalysedfive cognitive tests, the alpha level was set atp<0.01 forall analyses"""
Littl2016arch.010,Yes,Yes,No,,,,,
Lopha2017ings0288,Yes,Yes,Yes,,,,,
Lyall2017antsw528,,,,Yes,Yes,Yes,gives all.,"""We examined three tests that were included as part of the UK Biobank baseline cognitive assessment. The complete battery is detailed in an open-access baseline paper.13 The first of these was a task with thirteen logic/reasoning-type questions and a two-minute time labelled fluid intelligence in the UK Biobank protocol but hereafter referred to as verbal-numerical reasoning (http://biobank.ctsu.ox.ac.uk/crystal/field.cgi?id=20016). The maximum score was 13. The Cronbach alpha coefficient for these items has been reported elsewhere as 0.62,14 and the task shows reasonable reliability across on average 4.3 years in 4253 participants with repeat data (r‚Äâ=‚Äâ0.65, P‚Äâ<0.001). The next task was a visual memory test called pairs matching (http://biobank.ctsu.ox.ac.uk/crystal/label.cgi?id=100030), where participants were asked to memorize the positions of six card pairs, and then match them from memory while making as few errors as possible. We refer to this test as the memory task from here on. Scores on the memory test are for the number of errors that each participant made, and higher scores are, therefore, worse. The memory test did not show good reliability in 19 017 participants with longitudinal data (r‚Äâ=‚Äâ0.16, P‚Äâ<0.001); however, this may partly be due to slight floor effects where most participants made few-to-no errors on repeat assessment, and it will be a more informative test variable when measured at baseline. Finally, participants completed a timed test, measured in milliseconds, of symbol matching; similar to the common card game Snap (http://biobank.ctsu.ox.ac.uk/crystal/field.cgi?id=20023) which we refer to as reaction time....As part of the baseline assessment, participants were asked whether a physician had diagnosed myocardial infarction, angina, stroke, hypertension or diabetes. We defined CAD as angina and/or myocardial infarction. Participants self-reported other conditions freely on a separate assessment screen (e.g. atrial fibrillation). Townsend deprivation indices were derived from postcode of residence.15 They provide an area-based measure of socioeconomic deprivation derived from aggregated data on car ownership, household overcrowding, owner-occupation and unemployment. Education was based on self-report of the highest qualification achieved and dichotomised into university/college degree or less. (We have conducted additional analysis and found that analysing the ‚Äòeducation‚Äô variable as a more fine-grained ordinal variable of ‚Äòdegree; A-levels/AS-levels; O-levels/GCSEs; CSEs; NVQ/HND/HNC; none‚Äô made no difference to the final results; data available upon request.) Participants self-reported their ethnic group and we recoded this into white and non-white.16 Body mass index was measured by trained research staff. Participants removed their shoes and heavy outer clothing. Weight was measured, to the nearest 0.1 kg, using a Tanita BC-418‚ÄâMA body composition analyser and height using a Seca 202 height measure. Body mass index (BMI) was derived from: weight (kg)/(height (m) √ó height (m)). Smoking was coded as never, previous, or current smoker based on self-report. Frequency of alcohol intake was recorded as never, special occasions only, 1‚Äì3 times per month, 1‚Äì2 times per week, 3‚Äì4 times per week, daily/almost daily. Participants self-reported whether they were on medication for cholesterol, high blood pressure or on insulin. The minority of participants that did not know or chose not to answer were removed."""
Marti2016tudy7784,,,,Yes,Yes,Yes,gives everything,"""They completed a touchscreen questionnaire that collected information on demographics (including age, gender, ethnicity and postcode), health-related behaviours (including smoking status and alcohol consumption) and a self-report of physician-diagnosed medical conditions, including diabetes, hypertension, myocardial infarction, angina and stroke. Current medication was recorded with assistance from a member of trained clinic staff, who also used standard operating procedures to measure height and weight for body mass index (BMI) calculation"""
Mulle2017tudy2467,Yes,Yes,Yes,,,,,
Orteg2017bank97-5,,,,Yes,Yes,Yes,give registry and says trained researcher took standard measures.,"""During the baseline recruitment visit, participants were asked to complete a touchscreen self-administered questionnaire, which included questions on socio-demographics (including age, education and Townsend deprivation score), health and medical history, lifestyle exposures (including smoking habits, dietary intakes, physical activity, and alcohol consumption), early life exposures, and medication use....At the baseline assessment centre visit, trained staff used standard procedures to collect and record the body size and composition measurements. Body weight was measured using the Tanita BC-418MA body composition analyser. Participants were asked to remove their shoes and heavy outer clothing before weighing9,10. Height was measured in a barefoot standing position using the Saca 202 device. BMI was calculated by dividing weight in kilograms by the square of height in metres. Waist circumference and hip circumference were measured using the Wessex non-stretchable sprung tape measurement. Waist-to-hip ratio was calculated by dividing waist circumference by hip circumference. The Tanita BC-418MA body composition analyzer (Tanita, Tokyo, Japan) was used to assess bioelectrical impedance measures including total body fat percentage, and and trunk fat percentage.

Colorectal cancer case ascertainment
Cancer cases within the UK Biobank cohort were identified through linkage to national cancer registries""
"
O'Sul2018tudy2915,,,,Yes,Yes,Yes,gives all in detail.,"""Participants filled in a number of questionnaires, providing information on sociodemographic characteristics and lifestyle, including the following: age, gender, residential location, education [a number was assigned in a hierarchical fashion; 1: none of the above, 2: Certificate of Secondary Education or ordinary‚Äêlevel general certificate of education, 3: advanced‚Äêlevel general certificate of education, 4: National Vocational Qualification or Higher National Diploma/Certificate, 5: other professional qualifications, 6: college or university degree], smoking, alcohol use, vitamin D supplement use [derived from reported use of supplements], diet [frequency of consumption of different foods, including oily fish], physical activity levels in the last 4 weeks [none; low: walking for pleasure (not as a means of transport) and light DIY (e.g. pruning, watering the lawn); medium: heavy DIY (e.g. weeding, lawn mowing, carpentry, digging) and other exercises (e.g. swimming, cycling, keep fit, bowling); high: strenuous sports], ease of tanning, use of sun protection, and time spent outdoors (average number of hours/day in summer and winter; the average of these was calculated and categorized: 0‚Äì2 h day‚àí1 represented ‚Äúlow‚Äù category, 2‚Äì5 h day‚àí1 represented ‚Äúintermediate,‚Äù and >5 h day‚àí1 represented ‚Äúhigh‚Äù level of time spent outdoors).

Information about participants‚Äô health was collected. Self‚Äêreported presence of different esophageal or gastric problems was identified (including gastro‚Äêesophageal reflux, Barrett's esophagus or gastric ulcers), and information on other conditions, such as osteoporosis, cardiovascular conditions and diabetes, was also collected. Participant's height and weight were taken and used to calculate BMI. More detail about the cohort can be found elsewhere 17, 19, 20.

Case‚Äìcontrol cohort
Information on cancer diagnosis after recruitment to UK Biobank was gathered via linkage to the national cancer registries, which register and collect data on all cancers diagnosed....UV dose data from the Tropospheric Emission Monitoring Internet Service (TEMIS) database (www.temis.nl/uvradiation/UVdose.html; version 2.0) were used 22"""
Pacco2018bank26-8,,,,Yes (Or Partially External),Partially-External,Partially-External,"""Participants completed a series of computer-based questionnaires followed by face-to-face interviews with trained research staff. Details of the assessments and variables are publicly available (http://biobank.ctsu.ox.ac.uk/crystal/), and a transcript of the questionnaire may be downloaded (http://www.ukbiobank.ac.uk/wp-content/uploads/2011/06/Touch_screen_questionnaire.pdf?phpMyAdmin=trmKQlYdjjnQIgJ%2CfAzikMhEnx6)."" and gives registry.","Missing what kind of questionnaire used to collect sociodemographic variables but link to transcript of quesitonnaire ""Participants completed a series of computer-based questionnaires followed by face-to-face interviews with trained research staff. Details of the assessments and variables are publicly available (http://biobank.ctsu.ox.ac.uk/crystal/), and a transcript of the questionnaire may be downloaded (http://www.ukbiobank.ac.uk/wp-content/uploads/2011/06/Touch_screen_questionnaire.pdf?phpMyAdmin=trmKQlYdjjnQIgJ%2CfAzikMhEnx6). Information collected included socio-demographics (gender, age, ethnicity, and educational attainment), lifestyle factors (including smoking status, alcohol consumption and physical activity) and self-reported physician-diagnosed comorbidities (e.g. hypertension, diabetes and cancer). Details regarding calcium and vitamin D use and hormonal replacement therapy (HRT) in women were also obtained. The questionnaire asked participants to report any doctor's diagnosis of cardiovascular comorbidities such as coronary artery disease (combining angina and heart attack), stroke, and diabetes, and for all regular medications to be listed. Weight and height measurements were obtained for calculation of BMI (kg/m2); systolic and diastolic blood pressures (SBP, DBP) were measured using the Omron HEM-7015IT digital blood pressure monitor. History of fracture was self-reported. All participants were asked if they had fractured or broken a bone in the past five years and if yes, at which of the following specific sites: ankle, leg, hip, spine, wrist, arm or other bones. A further question asked if the fracture resulted from a simple fall (low-trauma fracture). Combining this information, ‚Äòfragility fracture‚Äô was defined as a low-trauma (occurring as a result of a fall) fracture involving the hip, spine, wrist or arm. ‚ÄòOther‚Äô and ‚Äòunknown‚Äô fractures were excluded from subsequent analyses. Broadband ultrasound attenuation (BUA) (db/MHz) and speed of sound (SOS) (m/s) were measured at least twice on each calcaneum with a SAHARA sonometer (Hologic, Marlborough, USA) and left and right mean values used for analysis. Intermalleolar distance (‚Äúankle spacing width‚Äù) was also recorded, as soft tissue thickness may influence heel ultrasound indices. Measures of BUA were available for 485,899 of the 502,664 participants who attended the health examination and completed the health and lifestyle questionnaire.

Ascertainment of outcomes
Information on incident hospital admission for ischaemic heart disease (IHD: I20-I25) and for acute myocardial infarction (I21) or angina (I20, which includes both unstable and stable angina) was obtained through linkage to UK Hospital Episode Statistics (HES)."""
Pan2019tudy.008,,,,Yes,Partially,Partially,"""The location of sites at which the participants experienced pain was measured by self-reported questionnaire. Participants were asked whether they had pain (yes/no) at the: hip, knee, back and neck/shoulder for more than three months."" and gives more detail for each.","Missing sources of demographic variables ""The location of sites at which the participants experienced pain was measured by self-reported questionnaire....Participants were asked to wear the accelerometer on their dominant wrist continuously while engaging in their normal daily activities, and then return the device....The UK Biobank participants underwent a cardio-respiratory fitness test which consisted of heart-rate monitoring (using a 4-lead electrocardiograph [ECG]; Cardiosoft v6.51) during cycle ergometry on a stationary bike (eBike, Firmware v1.7) with a ramp slope that is adapted to the individual based on age, gender, weight and medical history. Detailed protocol about cardio-respiratory fitness test has been previously described."""
Papag2019omen2359,,,,Yes,Yes,Yes,"""Postmenopausal women completed a touchscreen questionnaire (available online: http://www.ukbiobank.ac.uk/resources/) including questions on sociodemographic characteristics, health status, and lifestyle habits. "" and gives more detail","""Sociodemographic and lifestyle characteristics
Postmenopausal women completed a touchscreen questionnaire (available online: http://www.ukbiobank.ac.uk/resources/) including questions on sociodemographic characteristics, health status, and lifestyle habits. Participants self‚Äêreported their age, sex, and ethnicity. Ethnicity was categorized as White or other (mixed, Asian, Black, Chinese, and other). A Townsend deprivation score was computed for all participants using information about employment, car and home ownership, and household overcrowding.20 A higher Townsend deprivation score is indicative of greater levels of an area's socio‚Äêeconomic deprivation.20 Participants reported their smoking status (never, previous, or current) and their alcohol intake (never, previous, or current). Data on physical activity including frequency (number of days in a typical week that participants performed 10 min or more of walking, moderate, and vigorous physical activity) and duration (minutes spent on each activity category on a typical day) were collected by asking questions similar to those included in the International Physical Activity Questionnaire.21 For each activity category, the frequency was multiplied by the duration and the metabolic equivalent value (3.3 for walking, 4.0 for moderate physical activity, and 8.0 for vigorous physical activity), which were then summed to generate a score of metabolic equivalent minutes of physical activity per week for each participant.

Medical history and current medications
Self‚Äêreported data on medical conditions were collected at baseline by asking participants whether a doctor has diagnosed any cancer or diabetes. Participants reported if they had undergone bilateral oophorectomy or hysterectomy or were on hormone replacement therapy (HRT). Self‚Äêreported data on fracture occurrence (yes or no) over the past 5 years were also collected. Information on X‚Äêray verification was unavailable.

Quantitative heel ultrasound
Quantitative ultrasound of the heel was performed using the Sahara Clinical Sonometer (Hologic, Bedford, Massachusetts) according to a standardized protocol. Trained staff checked if participants were able to undertake both left and right heel ultrasound measurement. Those with open wounds, breaks or sores around the heel, or metal parts (such as pins) in the heel did not undertake measurement of that heel. Each centre used the same machine model, and quality control was performed with a phantom on a daily basis as per manufacturer's instructions. The mean values for BMDs (g/cm2) and BMD T‚Äêscores for the left and right heel were computed.

Anthropometric and bioelectrical impedance measurements
Height was measured using the SECA 240 height measure (SECA, Hamburg, Germany). Participants removed their socks and footwear and stood flat footed with their heels against a back plate. Body mass was measured to the nearest 0.1 kg using a segmental body composition analyser (Tanita BC‚Äê418MA, Tokyo, Japan). Height and weight were used to calculate BMI as weight (kg) divided by height squared (m2). Waist circumference was measured at the level of the umbilicus using a tape measure. All these measurements were performed by trained staff....Assessment of outcome
Via the Health and Social Care Information Centre for English and Welsh participants and the Information Services Department for Scottish participants, we ascertained the diagnosis of osteoporosis with or without a pathological fracture until 31 January 2016 for England and Wales and 30 November 2015 for Scotland. Diagnoses of the events were confirmed by primary care physicians and coded according to the World Health Organization's International Classification of Diseases 10th Revision (ICD‚Äê10: M80‚ÄêM82)."""
Strac2017dies5381,,,,Partially,Partially,Partially,Says all but deaths.,"Missing details on UKB baseline questionnaire and details on the health surveys ""This study recruited 502<U+2009>682 volunteers aged 40√¢‚Ç¨‚Äú69 years in 22 recruitment centres throughout England, Wales and Scotland during 2006√¢‚Ç¨‚Äú2010, following invitations to 9 million people.15 Spirometry was performed using a handheld pneumotachograph spirometer (Pneumotrac 6800) from which volume√¢‚Ç¨‚Äútime arrays were stored for each blow.16 Eighty-one per cent of the cohort performed two blows with acceptable start and measures of FEV1 reproducible within 250 mL. This was considered the most inclusive sample of √¢‚Ç¨Àúusable spirograms√¢‚Ç¨‚Ñ¢. When end-blow quality was also considered, 58% of the cohort had evidence of a good plateau and both FEV1 and FVC reproducible within 150 mL, the criteria recommended by the American Thoracic Society/European Respiratory Society (ATS/ERS) Task Force on Standardisation of Spirometry.17 This subgroup of 58% was considered to be the √¢‚Ç¨Àúbest quality√¢‚Ç¨‚Ñ¢ spirograms, among which to evaluate the relative importance of FEV1 and FVC as predictors of mortality. The present analysis is based on deaths occurring up to mid-August 2015, a mean follow-up period of 6.5 years. There were 2401 deaths among 149 343 lifelong non-smokers aged 40√¢‚Ç¨‚Äú69 years of white ethnicity who performed √¢‚Ç¨Àúusable spirograms. Deaths from respiratory disease, circulatory disease, cancer and all other causes were coded using ICD10 (chapters J, I, C and all others, respectively). Smoking history was self reported. Socioeconomic status was measured at the level of residential area, using the Townsend Deprivation Index, grouped into quartiles for analysis. Biobank recruitment centre was used as an additional covariate to adjust for possible regional differences. Adjustment of spirometric measures for gender, age and height The Global Lung Initiative (GLI) 2012 reference equations for white ethnic groups18 were used in both sets of data to standardise FEV1 and FVC for age, sex and height. The GLI-2012 equations generate a √¢‚Ç¨Àúz-score√¢‚Ç¨‚Ñ¢ which represents the relative position of an individual among the distribution predicted for lifelong non-smokers with no history of lung disease of the same gender, age and height. This allows for the spread of predicted values to differ by age, height and gender, expressing the relative ranking of an individual in terms of a SD (z) score. For each individual in the analysis, there were three GLI-2012 z-scores, corresponding to their relative ranking for FEV1 (zFEV1), FVC (zFVC) and the ratio FEV1:FVC (zFEVFVC). Outlying observations were excluded by restricting all the analyses in both data sets to values of zFEV1 and zFVC within the range -5 to +5 z-score units. This exclusion removed 0.2% of UKB participants, 0.5% of participants in the national health surveys aged 40√¢‚Ç¨‚Äú69 years and 0.3% of national health survey participants aged 70 years or more."""""
Yaghj2018bank28-x,,,,Yes,Yes,Yes,gives all,"""The touchscreen questionnaire and other resources are also available on the UK Biobank website (http://www.UKBiobank.ac.uk/resources/).

Participants were followed via record linkage to the NHS Central Registers which provide information on cancer diagnoses coded according to the 10th revision of the International Classification of Diseases (ICD-10) [20]....Coffee consumption
Information on coffee consumption was collected at the time of the recruitment visit using a short touchscreen self-reported food frequency questionnaire that included 29 questions on commonly consumed food groups based on the expected distribution in the UK as well as some common sources of various nutrients [21, 22]. This questionnaire asked about the frequency of consumption over the past year of vegetables, fruit, fish, meats, cheese, salt added to food, tea, water, milk, bread, cereal, as well as cups of coffee (‚ÄúHow many cups of coffee do you drink each day?‚Äù) and type of coffee most commonly consumed (‚ÄúWhat type of coffee do you usually drink?‚Äù). To assess validity and reproducibility of this diet assessment tool, the results reported on the initial questionnaire were compared with the diet reported at a subsequent repeated assessment (with the median time between two assessments‚Äâ=‚Äâ4.4 years) as well as with the results from 24-h food frequency questionnaire completed during follow-up by a sub-sample of participants. There was good agreement between reported consumption at recruitment and at the repeat assessment as well as good agreement between diet from initial and 24-h food frequency questionnaires suggesting that UK Biobank food frequency questionnaire was able to reliably rank participants according to their consumption of main food groups [22].

Even though a subset of individuals in the UK Biobank also completed follow-up questions on coffee consumption at subsequent visits, as follow-up information on coffee consumption was missing for majority of the participants (>‚Äâ95%), only baseline data were used in the analysis. Consistent with previous studies [5], coffee consumption categories were defined as <‚Äâ7 cups/week, 1 cup/day, 2‚Äì3 cups/day, and 4+ cups/day.

Covariate information
Information on breast cancer risk factors was extracted from baseline questionnaire and updates. Weight and height for body mass index (BMI) calculation were measured at every visit to the study assessment center. BMI at recruitment was calculated as kg/m2. Race/ethnicity was defined using 2001 Census and the Health Survey for England classifications and re-coded for the purpose of this analysis due to extremely small numbers for racial/ethnic groups other than Caucasian. Family history of breast cancer was defined as having any first degree relative with breast cancer diagnosis. As inherited genetic susceptibility may not have fully manifested at the time of the entry into the study, we supplemented data on family history from baseline with those from the follow-up visits to fully capture this information. Information on smoking, alcohol use, and parity and age at first birth were extracted from baseline."""
Yates2018tudy.006,,,,Yes,Partially-External,Partially-External,gives all,"Missing demographics but link to UK Biobank to find out more about measuresments ""2.2. Cardiorespiratory fitness
UK Biobank introduced an electrocardiogram (ECG) monitored sub-maximal exercise test into their suite of physical assessments in each assessment centre towards the end of recruitment. Those with high blood pressure (systolic blood pressure ‚â• 180 bpm or diastolic blood pressure ‚â• 110 bpm), chest pain, or pregnant women were excluded from the test. The test was terminated if 75% of age-predicted maximum heart rate was reached. The test involved 2 min at a constant workload followed by 4 min of a linearly increasing workload. The start and end workload of the graded exercise test were standardised according to age, height, weight, resting heart rate and sex to ensure a similar relative intensity across the population. Heart rate was monitored before, during, and after the exercise test via a 4-lead ECG. Maximal cardiorespiratory fitness was estimated using previous published criteria (Celis-Morales et al., 2017), involving: 1) Fitting a linear regression line between heart rate and power output between the pre-exercise (rest) and final stage; 2) Extrapolating the regression line to the age-predicted maximal heart rate with the formula: 208‚Äì0.7 √ó age; 3) Using the regression equation for the relationship between work rate (power) and oxygen uptake (oxygen uptake [ml kg‚àí 1 min‚àí 1] = 7 + (10.8 √ó work rate [Watts])/body mass [kg]) to estimate maximal oxygen uptake. Metabolic equivalents (METs) were calculated through dividing maximal oxygen update by 3.5.

2.3. Fluid intelligence
Fluid intelligence was assessed through 13 questions using verbal and numeric reasoning/logic delivered over a two minute period. Each question had five possible responses in addition to ‚Äúdo not know‚Äù and ‚Äúprefer not to answer‚Äù; participants were asked to select the correct response via a touch screen computer. Participants were instructed as follows: ‚ÄúIn this next test you will have a maximum of two minutes to answer as many questions as possible. Don't spend too long on any one question and you can skip any question if you wish‚Äù. Each question used in the test is available through the UK Biobank website (UK Biobank, 2017). The number of correct responses was used as the outcome measure. This measure of fluid intelligence employed in UK Biobank has been shown to have good reliability when repeated after a mean of 4 years (Intraclass Correlation Coefficient = 0.65; p < 0.001) (Lyall et al., 2016).

2.4. Reaction time
Simple reaction time was assessed with a timed test of symbol matching conducted on a touch screen computer, similar to the card game snap. Two card shapes with symbols were displayed on a computer screen with participants asked to press a red button with their dominant hand if the two cards had matching symbols. Participants undertook the test seated with the red button placed on a desk in front of them. Ten symbols with simple non-complex shapes were used (equals sign, fir tree, hollow circle, hollow square, H, smiley face, solid circle, solid square, triangle, cross). Participants completed 12 rounds, of which the first 5 were considered training rounds and removed from the analysis. Of the remaining rounds, matched cards were shown in rounds 6, 8, 11 and 12. Reaction time was calculated as the average time taken to correctly identify a match. Times under 50 ms were considered to be due to anticipation rather than reaction and removed from the analysis. Participants were allowed 2000 ms to react to each round.

2.5. Anthropometric, demographic, health and lifestyle data
This study utilised the following covariate data within UK Biobank: anthropometric (body mass index (BMI); demographic (age, sex, ethnicity, social deprivation [Townsend index], employment status and education level); health status (prevalent cancer, number of prevalent non-cancer illnesses, and number of prescribed medications); and lifestyle (smoking [never, past, current], alcohol, fresh fruit [pieces per day], raw vegetables or salad [portion per day], cooked vegetable [portion per day], sleep [hours per night], TV viewing time [hours per day], and physical activity [weekly frequency of any walking, moderate-, or vigorous-intensity physical activity undertaken lasting at least 10 min]). Alcohol was assessed through a frequency questionnaire ranging from never to daily or almost daily. Further details for each measure are available elsewhere (UK Biobank, 2007).

2.6. Assessment of mortality status and data inclusion
UK Biobank undertook comprehensive data linkage for mortality status using national records in England, Wales and Scotland. Using a unique identifier collected at baseline (e.g. NHS number), information about mortality status, date of death and causes of death were obtained from National Health Service (NHS) Information Centre for participants from England and Wales, and from the NHS Central Register, for participants from Scotland. Linkage captured all deaths occurring until 31st January 2016 for England and 30th November 2015 for Scotland."""
Zemed2018Data.012,Yes,Yes,No,,,,,
