id,authors,year,open_access_publisher,open_access_other,correction,retraction,title,doi
Emerg2015lity7008,"<U+FEFF>C. Emerging Risk Factors, E. Di Angelantonio, S. Kaptoge, D. Wormser, P. Willeit, A. S. Butterworth, N. Bansal, L. M. O'Keeffe, P. Gao, A. M. Wood, S. Burgess, D. F. Freitag, L. Pennells, S. A. Peters, C. L. Hart, L. L. Haheim, R. F. Gillum, B. G. Nordestgaard, B. M. Psaty, B. B. Yeap, M. W. Knuiman, P. J. Nietert, J. Kauhanen, J. T. Salonen, L. H. Kuller, L. A. Simons, Y. T. van der Schouw, E. Barrett-Connor, R. Selmer, C. J. Crespo, B. Rodriguez, W. M. Verschuren, V. Salomaa, K. Svardsudd, P. van der Harst, C. Bjorkelund, L. Wilhelmsen, R. B. Wallace, H. Brenner, P. Amouyel, E. L. Barr, H. Iso, A. Onat, M. Trevisan, R. B. D'Agostino, Sr., C. Cooper, M. Kavousi, L. Welin, R. Roussel, F. B. Hu, S. Sato, K. W. Davidson, B. V. Howard, M. J. Leening, M. Leening, A. Rosengren, M. Dorr, D. J. Deeg, S. Kiechl, C. D. Stehouwer, A. Nissinen, S. Giampaoli, C. Donfrancesco, D. Kromhout, J. F. Price, A. Peters, T. W. Meade, E. Casiglia, D. A. Lawlor, J. Gallacher, D. Nagel, O. H. Franco, G. Assmann, G. R. Dagenais, J. W. Jukema, J. Sundstrom, M. Woodward, E. J. Brunner, K. T. Khaw, N. J. Wareham, E. A. Whitsel, I. Njolstad, B. Hedblad, S. Wassertheil-Smoller, G. Engstrom, W. D. Rosamond, E. Selvin, N. Sattar, S. G. Thompson and J. Danesh",2015,,,,F,Association of Cardiometabolic Multimorbidity With Mortality,10.1001/jama.2015.7008
Gugge2015rder3556,"J. A. Guggenheim, C. Williams, U. K. B. Eye and C. Vision",2015,,,,F,Role of Educational Exposure in the Association Between Myopia and Birth Order,10.1001/jamaophthalmol.2015.3556
Cumbe2016tudy1778,"P. M. Cumberland, J. S. Rahi, U. K. B. Eye and C. Vision",2016,,,,F,"Visual Function, Social Position, and Health and Life Chances: The UK Biobank Study",10.1001/jamaophthalmol.2016.1778
Firth2018rols0503,"J. Firth, J. A. Firth, B. Stubbs, D. Vancampfort, F. B. Schuch, M. Hallgren, N. Veronese, A. R. Yung and J. Sarris",2018,,,,F,Association Between Muscular Strength and Cognition in People With Major Depression or Bipolar Disorder and Healthy Controls,10.1001/jamapsychiatry.2018.0503
Cook2019sign3829,W. Cook,2019,,,,F,The effect of personalised weight feedback on weight loss and health behaviours: Evidence from a regression discontinuity design,10.1002/hec.3829
Spenc2018ases1293,"A. D. Spence, J. Busby, P. Murchie, A. T. Kunzmann, U. C. McMenamin, H. G. Coleman, B. T. Johnston, M. A. O'Rorke, L. J. Murray, L. Iversen, A. J. Lee and C. R. Cardwell",2018,,,,F,Medications that relax the lower oesophageal sphincter and risk of oesophageal cancer: An analysis of two independent population-based databases,10.1002/ijc.31293
McMen2018bank1375,"U. C. Mc Menamin, A. T. Kunzmann, M. B. Cook, B. T. Johnston, L. J. Murray, A. D. Spence, M. M. Cantwell and C. R. Cardwell",2018,,,,F,Hormonal and reproductive factors and risk of upper gastrointestinal cancers in men: A prospective cohort study within the UK Biobank,10.1002/ijc.31375
Guo2018hort1394,"W. Guo, T. J. Key and G. K. Reeves",2018,,,,F,Adiposity and breast cancer risk in postmenopausal women: Results from the UK Biobank prospective cohort,10.1002/ijc.31394
Harve2018hort3375,"N. C. Harvey, S. D'Angelo, J. Paccou, E. M. Curtis, M. Edwards, Z. Raisi-Estabragh, K. Walker-Bone, S. E. Petersen and C. Cooper",2018,,,,F,Calcium and Vitamin D Supplementation Are Not Associated With Risk of Incident Ischemic Cardiac Events or Death: Findings From the UK Biobank Cohort,10.1002/jbmr.3375
Papag2019omen2359,"M. Papageorgiou, T. Sathyapalan and R. Schutte",2019,,,,F,Muscle mass measures and incident osteoporosis in a large cohort of postmenopausal women,10.1002/jcsm.12359
Pacco2018bank26-8,"J. Paccou, S. D'Angelo, A. Rhodes, E. M. Curtis, Z. Raisi-Estabragh, M. Edwards, K. Walker-Bone, C. Cooper, S. E. Petersen and N. C. Harvey",2018,,,,F,Prior fragility fracture and risk of incident ischaemic cardiovascular events: results from UK Biobank,10.1007/s00198-018-4426-8
Cassi2018ants61-8,"S. Cassidy, H. Fuller, J. Chau, M. Catt, A. Bauman and M. I. Trenell",2018,,,,F,"Accelerometer-derived physical activity in those with cardio-metabolic disease compared to healthy adults: a UK Biobank study of 52,556 participants",10.1007/s00592-018-1161-8
Dawes2014loss61-0,"P. Dawes, K. J. Cruickshanks, D. R. Moore, M. Edmondson-Jones, A. McCormack, H. Fortnum and K. J. Munro",2014,,,,F,"Cigarette smoking, passive smoking, alcohol consumption, and hearing loss",10.1007/s10162-014-0461-0
Yaghj2018bank28-x,"L. Yaghjyan, S. Rich, L. Mao, V. Mai and K. M. Egan",2018,,,,F,Interactions of coffee consumption and postmenopausal hormone use in relation to breast cancer risk in UK Biobank,10.1007/s10552-018-1028-x
Kim2018risk84-x,"Y. Kim, T. White, K. Wijndaele, K. Westgate, S. J. Sharp, J. W. Helge, N. J. Wareham and S. Brage",2018,,,,F,"The combination of cardiorespiratory fitness and muscle strength, and mortality risk",10.1007/s10654-018-0384-x
Mille2018ioma59-y,"B. Miller, N. C. Peeri, L. B. Nabors, J. H. Creed, Z. J. Thompson, C. M. Rozmeski, R. V. LaRocca, S. Chowdhary, J. J. Olson, R. C. Thompson and K. M. Egan",2018,,,,F,Handedness and the risk of glioma,10.1007/s11060-018-2759-y
Walke2016bank52-1,"K. Walker-Bone, N. C. Harvey, G. Ntani, T. Tinati, G. T. Jones, B. H. Smith, G. J. Macfarlane and C. Cooper",2016,,,,F,Chronic widespread bodily pain is increased among individuals with history of fracture: findings from UK Biobank,10.1007/s11657-015-0252-1
Patte2016bank97-5,"F. Patterson, S. K. Malone, A. Lozano, M. A. Grandner and A. L. Hanlon",2016,,,,F,"Smoking, Screen-Based Sedentary Behavior, and Diet Associated with Habitual Sleep Duration and Chronotype: Data from the UK Biobank",10.1007/s12160-016-9797-5
Dixon2019hort50-2,"P. Dixon, G. Davey Smith and W. Hollingworth",2019,T,,,F,The Association Between Adiposity and Inpatient Hospital Costs in the UK Biobank Cohort,10.1007/s40258-018-0450-2
Guo2015bank.015,"W. Guo, K. E. Bradbury, G. K. Reeves and T. J. Key",2015,F,?,,F,Physical activity in relation to body size and composition in women in UK Biobank,10.1016/j.annepidem.2015.01.015
Steel2019ants.003,"L. Steell, A. Sillars, P. Welsh, S. Iliodromiti, S. C. Wong, J. P. Pell, N. Sattar, J. M. R. Gill, C. A. Celis-Morales and S. R. Gray",2019,F,?,,F,"Associations of dietary protein intake with bone mineral density: An observational study in 70,215 UK Biobank participants",10.1016/j.bone.2018.10.003
Littl2016arch.010,"T. J. Littlejohns, R. C. Travis, T. J. Key and N. E. Allen",2016,T,,,F,Lifestyle factors and prostate-specific antigen (PSA) testing in UK Biobank: Implications for epidemiological research,10.1016/j.canep.2016.09.010
Kunzm2018noma.014,"A. T. Kunzmann, A. P. Thrift, C. R. Cardwell, J. Lagergren, S. Xie, B. T. Johnston, L. A. Anderson, J. Busby, U. C. McMenamin, A. D. Spence and H. G. Coleman",2018,F,?,,F,Model for Identifying Individuals at Risk for Esophageal Adenocarcinoma,10.1016/j.cgh.2018.03.014
Ander2018ysis.022,"J. J. Anderson, N. D. M. Darwis, D. F. Mackay, C. A. Celis-Morales, D. M. Lyall, N. Sattar, J. M. R. Gill and J. P. Pell",2018,F,?,,F,Red and processed meat consumption and breast cancer: UK Biobank cohort study and meta-analysis,10.1016/j.ejca.2017.11.022
Sarka2017bank.016,C. Sarkar,2017,F,?,,F,Residential greenness and adiposity: Findings from the UK Biobank,10.1016/j.envint.2017.05.016
Culle2015ants.006,"B. Cullen, B. I. Nicholl, D. F. Mackay, D. Martin, Z. Ul-Haq, A. McIntosh, J. Gallacher, I. J. Deary, J. P. Pell, J. J. Evans and D. J. Smith",2015,F,?,,F,"Cognitive function and lifetime features of depression and bipolar disorder in a large population sample: Cross-sectional study of 143,828 UK Biobank participants",10.1016/j.eurpsy.2015.08.006
Navra2017orts.012,"L. B. Navrady, S. J. Ritchie, S. W. Y. Chan, D. M. Kerr, M. J. Adams, E. H. Hawkins, D. Porteous, I. J. Deary, C. R. Gale, G. D. Batty and A. M. McIntosh",2017,T,,,F,Intelligence and neuroticism in relation to depression and psychological distress: Evidence from two large population cohorts,10.1016/j.eurpsy.2016.12.012
Day2015tudy0031,"F. R. Day, N. G. Forouhi, K. K. Ong and J. R. Perry",2015,T,,,F,"Season of birth is associated with birth weight, pubertal timing, adult body size and educational attainment: a UK Biobank study",10.1016/j.heliyon.2015.e00031
Sarka2018ants.009,"C. Sarkar, C. Webster and J. Gallacher",2018,F,?,,F,"Neighbourhood walkability and incidence of hypertension: Findings from the study of 429,334 UK Biobank participants",10.1016/j.ijheh.2018.01.009
Yates2018tudy.006,"T. Yates, K. Bakrania, F. Zaccardi, N. N. Dhalwani, M. Hamer, M. J. Davies and K. Khunti",2018,F,?,,F,"Reaction time, cardiorespiratory fitness and mortality in UK Biobank: An observational study",10.1016/j.intell.2017.11.006
Lyall2018hort.106,"L. M. Lyall, C. A. Wyse, C. A. Celis-Morales, D. M. Lyall, B. Cullen, D. Mackay, J. Ward, N. Graham, R. J. Strawbridge, J. M. R. Gill, A. Ferguson, M. E. S. Bailey, J. P. Pell, A. M. Curtis and D. J. Smith",2018,F,?,,F,Seasonality of depressive symptoms in women but not in men: A cross-sectional study in the UK Biobank cohort,10.1016/j.jad.2017.12.106
Cleut2014bank.007,"F. Cleutjens, M. A. Spruit, R. Ponds, J. B. Dijkstra, F. M. E. Franssen, E. F. M. Wouters and D. J. A. Janssen",2014,F,?,,F,Cognitive functioning in obstructive lung disease: results from the United Kingdom biobank,10.1016/j.jamda.2013.12.007
Cumbe2015omes.040,"P. M. Cumberland, A. Chianca, J. S. Rahi, U. K. B. Eyes and C. Vision",2015,F,?,,F,"Laser refractive surgery in the UK Biobank study: Frequency, distribution by sociodemographic factors, and general health, happiness, and social participation outcomes",10.1016/j.jcrs.2015.05.040
McCor2014tion.018,"A. McCormack, M. Edmondson-Jones, H. Fortnum, P. Dawes, H. Middleton, K. J. Munro and D. R. Moore",2014,T,,,F,The prevalence of tinnitus and the relationship with neuroticism in a middle-aged UK population,10.1016/j.jpsychores.2013.08.018
Pan2019tudy.008,"F. Pan, K. S. Byrne, R. Ramakrishnan, M. Ferreira, T. Dwyer and G. Jones",2019,F,?,,F,Association between musculoskeletal pain at multiple sites and objectively measured physical activity and work capacity: Results from UK Biobank study,10.1016/j.jsams.2018.10.008
Zemed2018Data.012,"D. T. Zemedikun, L. J. Gray, K. Khunti, M. J. Davies and N. N. Dhalwani",2018,F,?,,F,Patterns of Multimorbidity in Middle-Aged and Older Adults: An Analysis of the UK Biobank Data,10.1016/j.mayocp.2018.02.012
Dhalw2018tudy.007,"N. N. Dhalwani, F. Zaccardi, M. J. Davies and K. Khunti",2018,F,?,,F,Body mass index and mortality in people with and without diabetes: A UK Biobank study,10.1016/j.numecd.2018.07.007
Chan2016bank.031,"M. P. Chan, C. M. Grossi, A. P. Khawaja, J. L. Yip, K. T. Khaw, P. J. Patel, P. T. Khaw, J. E. Morgan, S. A. Vernon, P. J. Foster, U. K. B. Eye and C. Vision",2016,T,,,F,Associations with Intraocular Pressure in a Large Cohort: Results from the UK Biobank,10.1016/j.ophtha.2015.11.031
Olivo2019tudy.014,"G. Olivo, S. Gour and H. B. Schioth",2019,T,,,F,Low neuroticism and cognitive performance are differently associated to overweight and obesity: A cross-sectional and longitudinal UK Biobank study,10.1016/j.psyneuen.2018.11.014
Kyle2017bank.001,"S. D. Kyle, C. E. Sexton, B. Feige, A. I. Luik, J. Lane, R. Saxena, S. G. Anderson, D. A. Bechtold, W. Dixon, M. A. Little, D. Ray, D. Riemann, C. A. Espie, M. K. Rutter and K. Spiegelhalder",2017,F,?,,F,Sleep and cognitive performance: cross-sectional associations in the UK Biobank,10.1016/j.sleep.2017.07.001
Knott2018bank.018,"C. S. Knott, J. Panter, L. Foley and D. Ogilvie",2018,T,,,F,Changes in the mode of travel to work and the severity of depressive symptoms: a longitudinal analysis of UK Biobank,10.1016/j.ypmed.2018.03.018
Smith2019bank.024,"L. Smith, J. Panter and D. Ogilvie",2019,T,,,F,Characteristics of the environment and physical activity in midlife: Findings from UK Biobank,10.1016/j.ypmed.2018.10.024
Ingel2015tudy75-1,A. Ganna and E. Ingelsson,2015,T,,"no - Lancet corrections are in ""Linked articles"" tab",F,"5 year mortality predictors in 498,103 UK Biobank participants: a prospective population-based study",10.1016/S0140-6736(15)60175-1
Cummi2016bank53-X,E. Flint and S. Cummins,2016,F,?,F,F,"Active commuting and obesity in mid-life: cross-sectional, observational evidence from UK Biobank",10.1016/S2213-8587(16)00053-X
Lyall2018bank39-1,"L. M. Lyall, C. A. Wyse, N. Graham, A. Ferguson, D. M. Lyall, B. Cullen, C. A. Celis Morales, S. M. Biello, D. Mackay, J. Ward, R. J. Strawbridge, J. M. R. Gill, M. E. S. Bailey, J. P. Pell and D. J. Smith",2018,F,?,F,F,"Association of disrupted circadian rhythmicity with mood disorders, subjective wellbeing, and cognitive function: a cross-sectional study of 91 105 participants from the UK Biobank",10.1016/S2215-0366(18)30139-1
Flint2016bank06-8,"E. Flint, E. Webb and S. Cummins",2016,T,,https://doi.org/10.1016/S2468-2667(16)30042-1,F,"Change in commute mode and body-mass index: prospective, longitudinal evidence from UK Biobank",10.1016/S2468-2667(16)30006-8
Elova2017tudy75-0,"M. Elovainio, C. Hakulinen, L. Pulkki-Raback, M. Virtanen, K. Josefsson, M. Jokela, J. Vahtera and M. Kivimaki",2017,T,,https://doi.org/10.1016/S2468-2667(19)30086-6,F,Contribution of risk factors to excess mortality in isolated and lonely individuals: an analysis of data from the UK Biobank cohort study,10.1016/S2468-2667(17)30075-0
Mason2018bank12-8,"K. E. Mason, N. Pearce and S. Cummins",2018,T,,F,F,"Associations between fast food and physical activity environments and adiposity in mid-life: cross-sectional, observational evidence from UK Biobank",10.1016/S2468-2667(17)30212-8
Hanlo2018ants91-4,"P. Hanlon, B. I. Nicholl, B. D. Jani, D. Lee, R. McQueenie and F. S. Mair",2018,T,,F,F,Frailty and pre-frailty in middle-aged and older adults and its association with multimorbidity and mortality: a prospective analysis of 493 737 UK Biobank participants,10.1016/S2468-2667(18)30091-4
Foste2018hort00-7,"H. M. E. Foster, C. A. Celis-Morales, B. I. Nicholl, F. Petermann-Rocha, J. P. Pell, J. M. R. Gill, C. A. O'Donnell and F. S. Mair",2018,T,,F,F,The effect of socioeconomic deprivation on the association between an extended measurement of unhealthy lifestyle factors and health outcomes: a prospective analysis of the UK Biobank cohort,10.1016/S2468-2667(18)30200-7
Sarka2017ants19-5,"C. Sarkar, C. Webster and J. Gallacher",2017,T,,https://doi.org/10.1016/S2542-5196(17)30132-8,F,"Association between adiposity outcomes and residential density: a full-data, cross-sectional analysis of 419<U+2008>562 UK Biobank adult participants",10.1016/s2542-5196(17)30119-5
Sarka2018ants51-2,"C. Sarkar, C. Webster and J. Gallacher",2018,T,,F,F,"Residential greenness and prevalence of major depressive disorders: a cross-sectional, observational, associational study of 94 879 adult UK Biobank participants",10.1016/S2542-5196(18)30051-2
Sarka2018ants08-0,"C. Sarkar, C. Webster and J. Gallacher",2018,T,,F,F,Are exposures to ready-to-eat food environments associated with type 2 diabetes? A cross-sectional study of 347 551 UK Biobank adult participants,10.1016/S2542-5196(18)30208-0
Darli2018hort1404,"A. L. Darling, D. J. Blackbourn, K. R. Ahmadi and S. A. Lanham-New",2018,T,,F,F,"Vitamin D supplement use and associated demographic, dietary and lifestyle factors in 8024 South Asians aged 40-69 years: analysis of the UK Biobank cohort",10.1017/S1368980018001404
Perez2017tudy.312,"A. Perez-Cornago, T. J. Key, N. E. Allen, G. K. Fensom, K. E. Bradbury, R. M. Martin and R. C. Travis",2017,T,,F,F,Prospective investigation of risk factors for prostate cancer in the UK Biobank cohort study,10.1038/bjc.2017.312
Usher2018bank.463,"J. A. Usher-Smith, A. Harshfield, C. L. Saunders, S. J. Sharp, J. Emery, F. M. Walter, K. Muir and S. J. Griffin",2018,T,,F,F,External validation of risk prediction models for incident colorectal cancer using UK Biobank,10.1038/bjc.2017.463
Morri2018bank.496,"J. S. Morris, K. E. Bradbury, A. J. Cross, M. J. Gunter and N. Murphy",2018,T,,F,F,"Physical activity, sedentary behaviour and colorectal cancer risk in the UK Biobank",10.1038/bjc.2017.496
Shwei2015hort.157,"Y. Shweikh, F. Ko, M. P. Chan, P. J. Patel, Z. Muthy, P. T. Khaw, J. Yip, N. Strouthidis, P. J. Foster, U. K. B. Eye and C. Vision",2015,T,,F,F,Measures of socioeconomic status and self-reported glaucoma in the U.K. Biobank cohort,10.1038/eye.2015.157
Gugge2016ants16.7,"J. A. Guggenheim, C. Williams, U. K. B. Eye and C. Vision",2016,T,,F,F,Childhood febrile illness and the risk of myopia in UK Biobank participants,10.1038/eye.2016.7
Peter2016bank.254,"S. A. Peters, R. R. Huxley and M. Woodward",2016,F,?,F,F,Women's reproductive health factors and body adiposity: findings from the UK Biobank,10.1038/ijo.2015.254
Kim2017tudy.122,"Y. Kim, T. White, K. Wijndaele, S. J. Sharp, N. J. Wareham and S. Brage",2017,T,,F,F,Adiposity and grip strength as long-term predictors of objectively measured physical activity in 93 015 adults: the UK Biobank study,10.1038/ijo.2017.122
Davie2018bank79-y,"N. M. Davies, M. Dickson, G. Davey Smith, G. J. van den Berg and F. Windmeijer",2018,F,T - PMC,F,F,The Causal Effects of Education on Health Outcomes in the UK Biobank,10.1038/s41562-017-0279-y
Orteg2017bank97-5,"L. S. Ortega, K. E. Bradbury, A. J. Cross, J. S. Morris, M. J. Gunter and N. Murphy",2017,T,,F,F,"A Prospective Investigation of Body Size, Body Fat Composition and Colorectal Cancer Risk in the UK Biobank",10.1038/s41598-017-17997-5
Culle2018bank68-6,"B. Cullen, D. Newby, D. Lee, D. M. Lyall, A. J. Nevado-Holgado, J. J. Evans, J. P. Pell, S. Lovestone and J. Cavanagh",2018,T,,F,F,Cross-sectional and longitudinal analyses of outdoor air pollution exposure and cognitive function in UK Biobank,10.1038/s41598-018-30568-6
Day2015tudy1208,"F. R. Day, C. E. Elks, A. Murray, K. K. Ong and J. R. Perry",2015,T,,F,F,"Puberty timing associated with diabetes, cardiovascular disease and also diverse health outcomes in men and women: the UK Biobank study",10.1038/srep11208
Ruth2016tudy4710,"K. S. Ruth, J. R. Perry, W. E. Henley, D. Melzer, M. N. Weedon and A. Murray",2016,T,,F,F,Events in Early Life are Associated with Female Reproductive Ageing: A UK Biobank Study,10.1038/srep24710
Malon2017mple7639,"S. K. Malone, F. Patterson, A. Lozano and A. Hanlon",2017,F,T - PMC,F,F,Differences in morning-evening type and sleep duration between Black and White adults: Results from a propensity-matched UK Biobank sample,10.1080/07420528.2017.1317639
vonSc2018hort4458,K. L. Knutson and M. von Schantz,2018,T,,F,F,"Associations between chronotype, morbidity and mortality in the UK Biobank cohort",10.1080/07420528.2018.1454458
Wyse2017up/>2045,"C. A. Wyse, C. A. Celis Morales, N. Graham, Y. Fan, J. Ward, A. M. Curtis, D. Mackay, D. J. Smith, M. E. S. Bailey, S. Biello, J. M. R. Gill and J. P. Pell",2017,F,T - self-archived https://core.ac.uk/download/pdf/80696889.pdf,F,F,"Adverse metabolic and mental health outcomes associated with shiftwork in a population-based study of 277,168 workers in UK biobank<sup/>",10.1080/07853890.2017.1292045
Wyse2018bank2389,"C. A. Wyse, C. A. Celis Morales, J. Ward, D. Lyall, D. J. Smith, D. Mackay, A. M. Curtis, M. E. S. Bailey, S. Biello, J. M. R. Gill and J. P. Pell",2018,F,T - self-archived http://eprints.gla.ac.uk/161743/1/161743.pdf,F,F,"Population-level seasonality in cardiovascular mortality, blood pressure, BMI and inflammatory cells in UK biobank",10.1080/07853890.2018.1472389
Tong2018banky042,"T. Y. Tong, T. J. Key, J. G. Sobiecki and K. E. Bradbury",2018,T,,F,F,Anthropometric and physiologic characteristics in white and British Indian vegetarians and nonvegetarians in the UK Biobank,10.1093/ajcn/nqy042
Bakra2018bankx273,"K. Bakrania, C. L. Edwardson, K. Khunti, S. Bandelow, M. J. Davies and T. Yates",2018,T,,F,F,Associations Between Sedentary Behaviors and Cognitive Function: Cross-Sectional and Prospective Findings From the UK Biobank,10.1093/aje/kwx273
Celis2018antsy134,"C. A. Celis-Morales, F. Petermann, L. Steell, J. Anderson, P. Welsh, D. F. Mackay, S. Iliodromiti, D. M. Lyall, M. E. Lean, J. P. Pell, N. Sattar, J. M. R. Gill and S. R. Gray",2018,T,,F,F,"Associations of Dietary Protein Intake With Fat-Free Mass and Grip Strength: A Cross-Sectional Study in 146,816 UK Biobank Participants",10.1093/aje/kwy134
Celis2017antsw249,"C. A. Celis-Morales, D. M. Lyall, J. Anderson, S. Iliodromiti, Y. Fan, U. E. Ntuk, D. F. Mackay, J. P. Pell, N. Sattar and J. M. Gill",2017,T,,F,F,The association between physical activity and risk of mortality is modulated by grip strength and cardiorespiratory fitness: evidence from 498 135 UK-Biobank participants,10.1093/eurheartj/ehw249
Lyall2017antsw528,"D. M. Lyall, C. A. Celis-Morales, J. Anderson, J. M. Gill, D. F. Mackay, A. M. McIntosh, D. J. Smith, I. J. Deary, N. Sattar and J. P. Pell",2017,T,,F,F,Associations between single and multiple cardiometabolic diseases and cognitive abilities in 474 129 UK Biobank participants,10.1093/eurheartj/ehw528
Yates2017tudyx449,"T. Yates, F. Zaccardi, N. N. Dhalwani, M. J. Davies, K. Bakrania, C. A. Celis-Morales, J. M. R. Gill, P. W. Franks and K. Khunti",2017,T,,F,F,"Association of walking pace and handgrip strength with all-cause, cardiovascular, and cancer mortality: a UK Biobank observational study",10.1093/eurheartj/ehx449
Iliod2018centy057,"S. Iliodromiti, C. A. Celis-Morales, D. M. Lyall, J. Anderson, S. R. Gray, D. F. Mackay, S. M. Nelson, P. Welsh, J. P. Pell, J. M. R. Gill and N. Sattar",2018,T,,F,F,The impact of confounding on the associations of different adiposity measures with the incidence of cardiovascular disease: a cohort study of 296 535 adults of white European descent,10.1093/eurheartj/ehy057
Jani2018hortx322,"B. D. Jani, B. I. Nicholl, R. McQueenie, D. T. Connelly, P. Hanlon, K. I. Gallacher, D. Lee and F. S. Mair",2018,T,,F,F,Multimorbidity and co-morbidity in atrial fibrillation and effects on survival: findings from UK Biobank cohort,10.1093/europace/eux322
Atkin2019ortsy083,"J. L. Atkins, J. Delgado, L. C. Pilling, K. Bowman, J. A. H. Masoli, G. A. Kuchel, L. Ferrucci and D. Melzer",2019,T,,F,F,"Impact of Low Cardiovascular Risk Profiles on Geriatric Outcomes: Evidence From 421,000 Participants in Two Cohorts",10.1093/gerona/gly083
Willi2019antsy094,"D. M. Williams, J. Jylhava, N. L. Pedersen and S. Hagg",2019,T,,F,F,A Frailty Index for UK Biobank Participants,10.1093/gerona/gly094
Tyrre2013tudyt220,"J. S. Tyrrell, H. Yaghootkar, R. M. Freathy, A. T. Hattersley and T. M. Frayling",2013,T,,F,F,Parental diabetes and birthweight in 236 030 individuals in the UK biobank study,10.1093/ije/dyt220
Coope2017tudyw054,"A. Cooper, M. Lamb, S. J. Sharp, R. K. Simmons and S. J. Griffin",2017,T,,F,F,Bidirectional association between physical activity and muscular strength in older adults: Results from the UK Biobank study,10.1093/ije/dyw054
Ander2017entsw173,"J. J. Anderson, C. A. Celis-Morales, D. F. Mackay, S. Iliodromiti, D. M. Lyall, N. Sattar, J. Gill and J. P. Pell",2017,T,,F,F,Adiposity among 132 479 UK Biobank participants; contribution of sugar intake vs other macronutrients,10.1093/ije/dyw173
Stile2017bankx080,"V. H. Stiles, B. S. Metcalf, K. M. Knapp and A. V. Rowlands",2017,T,,F,F,A small amount of precisely measured high-intensity habitual physical activity predicts bone health in pre- and post-menopausal women in UK Biobank,10.1093/ije/dyx080
Magnu2018COPDy221,"M. C. Magnus, J. Henderson, K. Tilling, L. D. Howe and A. Fraser",2018,T,,F,F,Independent and combined associations of maternal and own smoking with adult lung function and COPD,10.1093/ije/dyy221
Travi2016diesw169,"R. C. Travis, A. Balkwill, G. K. Fensom, P. N. Appleby, G. K. Reeves, X. S. Wang, A. W. Roddam, T. Gathani, R. Peto, J. Green, T. J. Key and V. Beral",2016,T,,F,F,Night Shift Work and Breast Cancer Incidence: Three Prospective Studies and Meta-analysis of Published Studies,10.1093/jnci/djw169
Boaky2018antsx102,"D. Boakye, C. A. Wyse, C. A. Morales-Celis, S. M. Biello, M. E. S. Bailey, S. Dare, J. Ward, J. M. R. Gill, J. P. Pell and D. F. Mackay",2018,T,,F,F,Tobacco exposure and sleep disturbance in 498 208 UK Biobank participants,10.1093/pubmed/fdx102
Piuma2018bankx186,"G. Piumatti, S. C. Moore, D. M. Berridge, C. Sarkar and J. Gallacher",2018,T,,F,F,The relationship between alcohol use and long-term cognitive decline in middle and late life: a longitudinal analysis using UK Biobank,10.1093/pubmed/fdx186
Macka2018antsy155,"A. Mackay, D. F. Mackay, C. A. Celis-Morales, D. M. Lyall, S. R. Gray, N. Sattar, J. M. R. Gill, J. P. Pell and J. J. Anderson",2018,,,,,"The association between driving time and unhealthy lifestyles: a cross-sectional, general population study of 386 493 UK Biobank participants",10.1093/pubmed/fdy155
Cook2018banky224,"M. J. Cook, E. Bellou, J. Bowes, J. C. Sergeant, T. W. O'Neill, A. Barton and S. M. M. Verstappen",2018,,,,,The prevalence of co-morbidities and their impact on physical activity in people with inflammatory rheumatic diseases compared with the general population: results from the UK Biobank,10.1093/rheumatology/key224
Firth2018bankx149,"J. Firth, B. Stubbs, D. Vancampfort, F. B. Schuch, S. Rosenbaum, P. B. Ward, J. A. Firth, J. Sarris and A. R. Yung",2018,,,,,The Validity and Value of Self-reported Physical Activity and Accelerometry in People With Schizophrenia: A Population-Scale Study of the UK Biobank,10.1093/schbul/sbx149
Firth2018antsy034,"J. Firth, B. Stubbs, D. Vancampfort, J. A. Firth, M. Large, S. Rosenbaum, M. Hallgren, P. B. Ward, J. Sarris and A. R. Yung",2018,,,,,Grip Strength Is Associated With Cognitive Performance in Schizophrenia and the General Population: A UK Biobank Study of 476559 Participants,10.1093/schbul/sby034
Dawes2014gdom0010,"P. Dawes, H. Fortnum, D. R. Moore, R. Emsley, P. Norman, K. Cruickshanks, A. Davis, M. Edmondson-Jones, A. McCormack, M. Lutman and K. Munro",2014,,,,,Hearing in middle age: a population snapshot of 40- to 69-year olds in the United Kingdom,10.1097/AUD.0000000000000010
Tyrre2014ease0041,"J. S. Tyrrell, D. J. Whinney, O. C. Ukoumunne, L. E. Fleming and N. J. Osborne",2014,,,,,"Prevalence, associated factors, and comorbid conditions for Meniere's disease",10.1097/AUD.0000000000000041
Tyrre2015bank0132,"J. S. Tyrrell, M. S. Taylor, D. Whinney and N. J. Osborne",2015,,,,,"Associations of Leg Length, Trunk Length, and Total Adult Height With Meniere's: Cross-Sectional Analysis in the UK Biobank",10.1097/AUD.0000000000000132
Keids2016tion0196,"G. Keidser, M. Rudner, M. Seeto, S. Hygge and J. Ronnberg",2016,,,,,The Effect of Functional Hearing and Hearing Aid Usage on Verbal Reasoning in a Large Community-Dwelling Population,10.1097/AUD.0000000000000196
Rudne2016urce0314,"M. Rudner, G. Keidser, S. Hygge and J. Ronnberg",2016,,,,,Better Visuospatial Working Memory in Adults Who Report Profound Deafness Compared to Those With Normal or Poor Hearing: Data From the UK Biobank Resource,10.1097/AUD.0000000000000314
Pierz2016tion0341,"R. H. Pierzycki, M. Edmondson-Jones, P. Dawes, K. J. Munro, D. R. Moore and P. T. Kitterick",2016,,,,,Tinnitus and Sleep Difficulties After Cochlear Implantation,10.1097/AUD.0000000000000341
Magnu2017tics0712,"M. C. Magnus, S. Iliodromiti, D. A. Lawlor, J. M. Catov, S. M. Nelson and A. Fraser",2017,,,,,Number of Offspring and Cardiovascular Disease Risk in Men and Women: The Role of Shared Lifestyle Characteristics,10.1097/EDE.0000000000000712
Beasl2016bank0675,"M. J. Beasley, T. V. Macfarlane and G. J. Macfarlane",2016,,,,,Is alcohol consumption related to likelihood of reporting chronic widespread pain in people with stable consumption? Results from UK biobank,10.1097/j.pain.0000000000000675
Tyrre2015bank0732,"J. Tyrrell, M. P. White, G. Barrett, N. Ronan, C. Phoenix, D. J. Whinney and N. J. Osborne",2015,,,,,Mental Health and Subjective Well-being of Individuals With Meniere's: Cross-sectional Analysis in the UK Biobank,10.1097/MAO.0000000000000732
Culle2017hort2733,"B. Cullen, D. J. Smith, I. J. Deary, J. J. Evans and J. P. Pell",2017,,,,,The 'cognitive footprint' of psychiatric and neurological conditions: cross-sectional study in the UK Biobank cohort,10.1111/acps.12733
Tran2018dies4796,"K. T. Tran, U. C. McMenamin, B. Hicks, P. Murchie, A. P. Thrift, H. G. Coleman, L. Iversen, B. T. Johnston, A. J. Lee and C. R. Cardwell",2018,,,,,Proton pump inhibitor and histamine-2 receptor antagonist use and risk of liver cancer in two population-based studies,10.1111/apt.14796
Ntuk2017tudy3323,"U. E. Ntuk, C. A. Celis-Morales, D. F. Mackay, N. Sattar, J. P. Pell and J. M. R. Gill",2017,,,,,"Association between grip strength and diabetes prevalence in black, South-Asian, and white European ethnic groups: a cross-sectional analysis of 418 656 participants in the UK Biobank study",10.1111/dme.13323
Fergu2018ants3551,"L. D. Ferguson, U. E. Ntuk, C. Celis-Morales, D. F. Mackay, J. P. Pell, J. M. R. Gill and N. Sattar",2018,,,,,Men across a range of ethnicities have a higher prevalence of diabetes: findings from a cross-sectional study of 500 000 UK Biobank participants,10.1111/dme.13551
Shafi2018bank2527,"M. Shafique, S. Russell, S. Murdoch, J. D. Bell and N. Guess",2018,,,,,Dietary intake in people consuming a low-carbohydrate diet in the UK Biobank,10.1111/jhn.12527
O'Sul2018tudy2915,"F. O'Sullivan, J. van Geffen, M. van Weele and L. Zgaga",2018,,,,,Annual Ambient UVB at Wavelengths that Induce Vitamin D Synthesis is Associated with Reduced Esophageal and Gastric Cancer Risk: A Nested Case-Control Study,10.1111/php.12915
Macfa2017ysis1476,"G. J. Macfarlane, M. S. Barnish and G. T. Jones",2017,,,,,Persons with chronic widespread pain experience excess mortality: longitudinal results from UK Biobank and meta-analysis,10.1136/annrheumdis-2017-211476
Celis2017tudy1456,"C. A. Celis-Morales, D. M. Lyall, P. Welsh, J. Anderson, L. Steell, Y. Guo, R. Maldonado, D. F. Mackay, J. P. Pell, N. Sattar and J. M. R. Gill",2017,,,,,"Association between active commuting and incident cardiovascular disease, cancer, and mortality: prospective cohort study",10.1136/bmj.j1456
Celis2018ants1651,"C. A. Celis-Morales, P. Welsh, D. M. Lyall, L. Steell, F. Petermann, J. Anderson, S. Iliodromiti, A. Sillars, N. Graham, D. F. Mackay, J. P. Pell, J. M. R. Gill, N. Sattar and S. R. Gray",2018,,,,,"Associations of grip strength with cardiovascular, respiratory, and cancer outcomes and all cause mortality: prospective cohort study of half a million UK Biobank participants",10.1136/bmj.k1651
Peter2014tudy5663,"S. A. Peters, R. R. Huxley and M. Woodward",2014,,,,,Do smoking habits differ between women and men in contemporary Western populations? Evidence from half a million people in the UK Biobank study,10.1136/bmjopen-2014-005663
Peter2016bank0007,"S. A. Peters, R. R. Huxley and M. Woodward",2016,,,,,Sex differences in body anthropometry and composition in individuals with and without diabetes in the UK Biobank,10.1136/bmjopen-2015-010007
Cassi2016etes0038,"S. Cassidy, J. Y. Chau, M. Catt, A. Bauman and M. I. Trenell",2016,,,,,"Cross-sectional study of diet, physical activity, television viewing and sleep duration in 233,110 adults from the UK Biobank; the behavioural phenotype of cardiovascular disease and type 2 diabetes",10.1136/bmjopen-2015-010038
Bradb2017bank1843,"K. E. Bradbury, W. Guo, B. J. Cairns, M. E. Armstrong and T. J. Key",2017,,,,,"Association between physical activity and body fat percentage, with adjustment for BMI: a large cross-sectional analysis of UK Biobank",10.1136/bmjopen-2016-011843
Nevad2016bank2177,"A. J. Nevado-Holgado, C. H. Kim, L. Winchester, J. Gallacher and S. Lovestone",2016,,,,,Commonly prescribed drugs associate with cognitive function: a cross-sectional study in UK Biobank,10.1136/bmjopen-2016-012177
Strac2017dies5381,R. P. Gupta and D. P. Strachan,2017,,,,,Ventilatory function as a predictor of mortality in lifelong non-smokers: evidence from large British cohort studies,10.1136/bmjopen-2016-015381
Falco2017bank7132,"C. L. Falconer, A. R. Cooper and E. Flint",2017,,,,,Patterns and correlates of active commuting in adults with type 2 diabetes: cross-sectional evidence from UK Biobank,10.1136/bmjopen-2017-017132
Hanlo2018tudy8404,"P. Hanlon, B. I. Nicholl, B. D. Jani, R. McQueenie, D. Lee, K. I. Gallacher and F. S. Mair",2018,,,,,"Examining patterns of multimorbidity, polypharmacy and risk of adverse drug reactions in chronic obstructive pulmonary disease: a cross-sectional UK Biobank study",10.1136/bmjopen-2017-018404
Benne2018bank0017,"E. Bennett, S. A. E. Peters and M. Woodward",2018,,,,,Sex differences in macronutrient intake and adherence to dietary recommendations: findings from the UK Biobank,10.1136/bmjopen-2017-020017
Drega2017ders1214,"A. Dregan, P. Chowienczyk and M. Molokhia",2017,,,,,Cardiovascular and type 2 diabetes morbidity and all-cause mortality among diverse chronic inflammatory disorders,10.1136/heartjnl-2017-311214
Woodw2018bank2289,S. A. Peters and M. Woodward,2018,,,,,Women's reproductive factors and incident cardiovascular disease in the UK Biobank,10.1136/heartjnl-2017-312289
Drega2018tudy2610,A. Dregan,2018,,,,,Arterial stiffness association with chronic inflammatory disorders in the UK Biobank study,10.1136/heartjnl-2017-312610
Hakul2018omen2663,"C. Hakulinen, L. Pulkki-Raback, M. Virtanen, M. Jokela, M. Kivimaki and M. Elovainio",2018,,,,,"Social isolation and loneliness as risk factors for myocardial infarction, stroke and mortality: UK Biobank cohort study of 479 054 men and women",10.1136/heartjnl-2017-312663
Pante2018lity2699,"J. Panter, O. Mytton, S. Sharp, S. Brage, S. Cummins, A. A. Laverty, K. Wijndaele and D. Ogilvie",2018,,,,,"Using alternatives to the car and risk of all-cause, cardiovascular and cancer mortality",10.1136/heartjnl-2017-312699
Ul-Ha2014ants3077,"Z. Ul-Haq, D. F. Mackay, D. Martin, D. J. Smith, J. M. Gill, B. I. Nicholl, B. Cullen, J. Evans, B. Roberts, I. J. Deary, J. Gallacher, M. Hotopf, N. Craddock and J. P. Pell",2014,,,,,"Heaviness, health and happiness: a cross-sectional study of 163066 UK Biobank participants",10.1136/jech-2013-203077
Batty2016bank7267,"G. D. Batty, A. M. McIntosh, T. C. Russ, I. J. Deary and C. R. Gale",2016,,,,,"Psychological distress, neuroticism, and cause-specific mortality: early prospective evidence from UK Biobank",10.1136/jech-2016-207267
DeMat2016tudy3406,"S. De Matteis, D. Jarvis, S. Hutchings, A. Darnton, D. Fishwick, S. Sadhra, L. Rushton and P. Cullinan",2016,,,,,Occupations associated with COPD risk in the large population-based UK Biobank cohort study,10.1136/oemed-2015-103406
Siebe2016ants0267,"S. Siebert, D. M. Lyall, D. F. Mackay, D. Porter, I. B. McInnes, N. Sattar and J. P. Pell",2016,,,,,Characteristics of rheumatoid arthritis and its association with major comorbid conditions: cross-sectional study of 502 649 UK Biobank participants,10.1136/rmdopen-2016-000267
Lopha2017ings0288,"A. Lophatananon, J. Usher-Smith, J. Campbell, J. Warcaba, B. Silarova, E. A. Waters, G. A. Colditz and K. R. Muir",2017,,,,,Development of a Cancer Risk Prediction Tool for Use in the UK Primary Care and Community Settings,10.1158/1940-6207.CAPR-16-0288
Welsh2018bank0945,"C. Welsh, P. Welsh, P. B. Mark, C. A. Celis-Morales, J. Lewsey, S. R. Gray, D. M. Lyall, S. Iliodromiti, J. M. R. Gill, J. Pell, P. S. Jhund and N. Sattar",2018,,,,,Association of Total and Differential Leukocyte Counts With Cardiovascular Disease and Mortality in the UK Biobank,10.1161/ATVBAHA.118.310945
Khurs2018ults6273,"S. Khurshid, S. H. Choi, L. C. Weng, E. Y. Wang, L. Trinquart, E. J. Benjamin, P. T. Ellinor and S. A. Lubitz",2018,,,,,Frequency of Cardiac Rhythm Abnormalities in a Half Million Adults,10.1161/CIRCEP.118.006273
vande2018eath8341,"Y. J. van de Vegte, P. van der Harst and N. Verweij",2018,,,,,Heart Rate Recovery 10 Seconds After Cessation of Exercise Predicts Death,10.1161/JAHA.117.008341
Peter2018bank8507,"S. A. E. Peters, S. H. Bots and M. Woodward",2018,,,,,Sex Differences in the Association Between Measures of General and Central Adiposity and the Risk of Myocardial Infarction: Results From the UK Biobank,10.1161/JAHA.117.008507
Lindh2018tion8970,"D. Lindholm, E. Fukaya, N. J. Leeper and E. Ingelsson",2018,,,,,Bioimpedance and New-Onset Heart Failure: A Longitudinal Study of >500 000 Individuals From the General Population,10.1161/JAHA.118.008970
Amara2017bank45OC,"A. F. S. Amaral, D. P. Strachan, P. G. J. Burney and D. L. Jarvis",2017,,,,,Female Smokers Are at Greater Risk of Airflow Obstruction Than Male Smokers. UK Biobank,10.1164/rccm.201608-1545OC
Gale2017bank9813,"C. R. Gale, I. Cukic, G. D. Batty, A. M. McIntosh, A. Weiss and I. J. Deary",2017,,,,,When Is Higher Neuroticism Protective Against Death? Findings From UK Biobank,10.1177/0956797617709813
Kunzm2018bank3558,"A. T. Kunzmann, K. P. Mallon, R. F. Hunter, C. R. Cardwell, U. C. McMenamin, A. D. Spence and H. G. Coleman",2018,,,,,"Physical activity, sedentary behaviour and risk of oesophago-gastric cancer: A prospective cohort study within UK Biobank",10.1177/2050640618783558
Seeto2017nder6395,G. Keidser and M. Seeto,2017,,,,,The Influence of Social Interaction and Physical Health on the Association Between Hearing and Depression With Age and Gender,10.1177/2331216517706395
Amara2016data2016,"A. F. Amaral, D. P. Strachan, F. Gomez Real, P. G. Burney and D. L. Jarvis",2016,,,,,Lower lung function associates with cessation of menstruation: UK Biobank data,10.1183/13993003.00412-2016
Cai2017oach2015,"Y. Cai, W. L. Zijlema, D. Doiron, M. Blangiardo, P. R. Burton, I. Fortier, A. Gaye, J. Gulliver, K. de Hoogh, K. Hveem, S. Mbatchou, D. W. Morley, R. P. Stolk, P. Elliott, A. L. Hansell and S. Hodgson",2017,,,,,"Ambient air pollution, traffic noise and adult asthma prevalence: a BioSHaRE approach",10.1183/13993003.02127-2015
Ul-Ha2014ants-153,"Z. Ul-Haq, D. J. Smith, B. I. Nicholl, B. Cullen, D. Martin, J. M. Gill, J. Evans, B. Roberts, I. J. Deary, J. Gallacher, M. Hotopf, N. Craddock, D. F. Mackay and J. P. Pell",2014,,,,,"Gender differences in the association between adiposity and probable major depression: a cross-sectional study of 140,564 UK Biobank participants",10.1186/1471-244X-14-153
Nicho2015bank43-5,"B. I. Nicholl, D. J. Smith, B. Cullen, D. Mackay, J. Evans, J. Anderson, D. M. Lyall, C. Fawns-Ritchie, A. M. McIntosh, I. J. Deary, J. P. Pell and F. S. Mair",2015,,,,,Ethnic differences in the association between depression and chronic pain: cross sectional results from UK Biobank,10.1186/s12875-015-0343-5
Nicho2014bank50-4,"B. I. Nicholl, D. Mackay, B. Cullen, D. J. Martin, Z. Ul-Haq, F. S. Mair, J. Evans, A. M. McIntosh, J. Gallagher, B. Roberts, I. J. Deary, J. P. Pell and D. J. Smith",2014,,,,,"Chronic multisite pain in major depression and bipolar disorder: cross-sectional study of 149,611 participants in UK Biobank",10.1186/s12888-014-0350-4
Celis2018tudy63-1,"C. A. Celis-Morales, D. M. Lyall, L. Steell, S. R. Gray, S. Iliodromiti, J. Anderson, D. F. Mackay, P. Welsh, T. Yates, J. P. Pell, N. Sattar and J. M. R. Gill",2018,,,,,"Associations of discretionary screen time with mortality, cardiovascular disease and cancer are attenuated by strength, fitness and physical activity: findings from the UK Biobank study",10.1186/s12916-018-1063-1
Cassi2017bank14-y,"S. Cassidy, J. Y. Chau, M. Catt, A. Bauman and M. I. Trenell",2017,,,,,"Low physical activity, high television viewing and poor sleep duration cluster in overweight and obese adults; a cross-sectional study of 398,984 participants from the UK Biobank",10.1186/s12966-017-0514-y
Burgo2018ants99-8,"T. Burgoine, C. Sarkar, C. J. Webster and P. Monsivais",2018,,,,,"Examining the interaction of fast-food outlet exposure and income on diet and obesity: evidence from 51,361 UK Biobank participants",10.1186/s12966-018-0699-8
Peter2018ject7.12,"E. M. Peters, A. John, R. Bowen, M. Baetz and L. Balbuena",2018,,,,,Neuroticism and suicide in a general population cohort: results from the UK Biobank Project,10.1192/bjo.2017.12
Marti2016tudy7784,"D. J. Martin, Z. Ul-Haq, B. I. Nicholl, B. Cullen, J. Evans, J. M. Gill, B. Roberts, J. Gallacher, D. Mackay, A. McIntosh, M. Hotopf, N. Craddock, I. J. Deary, J. P. Pell and D. J. Smith",2016,,,,,"Cardiometabolic disease and features of depression and bipolar disorder: population-based, cross-sectional study",10.1192/bjp.bp.114.157784
Lyall2016hort2154,"D. M. Lyall, H. M. Inskip, D. Mackay, I. J. Deary, A. M. McIntosh, M. Hotopf, T. Kendrick, J. P. Pell and D. J. Smith",2016,,,,,Low birth weight and features of neuroticism and mood disorder in 83 545 participants of the UK Biobank cohort,10.1192/bjpo.bp.115.002154
Duart2017hods0071,"C. W. Duarte, V. Lindner, S. A. Francis and D. Schoormans",2017,,,,,Visualization of Cancer and Cardiovascular Disease Co-Occurrence With Network Methods,10.1200/CCI.16.00071
Mulle2017tudy2467,"D. C. Muller, M. Johansson and P. Brennan",2017,,,,,Lung Cancer Risk Prediction Model Incorporating Lung Function: Development and Validation in the UK Biobank Prospective Cohort Study,10.1200/JCO.2016.69.2467
Wijnd2017ties1206,"K. Wijndaele, S. J. Sharp, N. J. Wareham and S. Brage",2017,,,,,Mortality Risk Reductions from Substituting Screen Time by Discretionary Activities,10.1249/MSS.0000000000001206
Celis2019lity1795,"C. A. Celis-Morales, S. Gray, F. Petermann, S. Iliodromiti, P. Welsh, D. M. Lyall, J. Anderson, P. Pellicori, D. F. Mackay, J. P. Pell, N. Sattar and J. M. R. Gill",2019,,,,,Walking Pace Is Associated with Lower Risk of All-Cause and Cause-Specific Mortality,10.1249/MSS.0000000000001795
Doiro2017orts1353,"D. Doiron, K. de Hoogh, N. Probst-Hensch, S. Mbatchou, M. Eeftens, Y. Cai, C. Schindler, I. Fortier, S. Hodgson, A. Gaye, R. Stolk and A. Hansell",2017,,,,,Residential Air Pollution and Associations with Wheeze and Shortness of Breath in Adults: A Combined Analysis of Cross-Sectional Data from Two Large European Cohorts,10.1289/EHP1353
Moore2014 age7720,"D. R. Moore, M. Edmondson-Jones, P. Dawes, H. Fortnum, A. McCormack, R. H. Pierzycki and K. J. Munro",2014,,,,,"Relation between speech-in-noise threshold, hearing loss and cognition from 40-69 years of age",10.1371/journal.pone.0107720
McCor2014tion4711,"A. McCormack, M. Edmondson-Jones, D. Mellor, P. Dawes, K. J. Munro, D. R. Moore and H. Fortnum",2014,,,,,Association of dietary factors with presence and severity of tinnitus in a middle-aged UK population,10.1371/journal.pone.0114711
Dawes2015sion9616,"P. Dawes, R. Emsley, K. J. Cruickshanks, D. R. Moore, H. Fortnum, M. Edmondson-Jones, A. McCormack and K. J. Munro",2015,,,,,"Hearing loss and cognition: the role of hearing AIDS, social isolation and depression",10.1371/journal.pone.0119616
Dare2015tion3579,"S. Dare, D. F. Mackay and J. P. Pell",2015,,,,,"Relationship between smoking and obesity: a cross-sectional study of 499,504 middle-aged adults in the UK general population",10.1371/journal.pone.0123579
Dawes2015hood6590,"P. Dawes, K. J. Cruickshanks, D. R. Moore, H. Fortnum, M. Edmondson-Jones, A. McCormack and K. J. Munro",2015,,,,,"The Effect of Prenatal and Childhood Development on Hearing, Vision and Cognition in Adulthood",10.1371/journal.pone.0136590
Cumbe2015tudy9780,"P. M. Cumberland, Y. Bao, P. G. Hysi, P. J. Foster, C. J. Hammond, J. S. Rahi, U. K. B. Eyes and C. Vision",2015,,,,,Frequency and Distribution of Refractive Error in Adult Life: Methodology and Findings of the UK Biobank Study,10.1371/journal.pone.0139780
Cassi2017ants7982,"S. Cassidy, M. I. Trenell and K. N. Anderson",2017,,,,,"The cardio-metabolic impact of taking commonly prescribed analgesic drugs in 133,401 UK Biobank participants",10.1371/journal.pone.0187982
Al-Aj2018tors1097,"K. Al-Ajmi, A. Lophatananon, W. Ollier and K. R. Muir",2018,,,,,Risk of breast cancer in the UK biobank female cohort and its relationship to anthropometric and reproductive factors,10.1371/journal.pone.0201097
Pilli2018ears3504,"L. C. Pilling, J. L. Atkins, G. A. Kuchel, L. Ferrucci and D. Melzer",2018,,,,,"Red cell distribution width and common disease onsets in 240,477 healthy volunteers followed for up to 9 years",10.1371/journal.pone.0203504
Abboo2018bank0207,"H. M. Abbood, E. Pathan and G. P. Cherukara",2018,,,,,The link between ankylosing spondylitis and oral health conditions: two nested case-control studies using data of the UK Biobank,10.1590/1678-7757-2018-0207
Ntuk2014ants2966,"U. E. Ntuk, J. M. Gill, D. F. Mackay, N. Sattar and J. P. Pell",2014,,,,,"Ethnic-specific obesity cutoffs for diabetes risk: cross-sectional study of 490,288 UK biobank participants",10.2337/dc13-2966
Celis2017tudy0921,"C. A. Celis-Morales, F. Petermann, L. Hui, D. M. Lyall, S. Iliodromiti, J. McLaren, J. Anderson, P. Welsh, D. F. Mackay, J. P. Pell, N. Sattar, J. M. R. Gill and S. R. Gray",2017,,,,,"Associations Between Diabetes and Both Cardiovascular Disease and All-Cause Mortality Are Modified by Grip Strength: Evidence From UK Biobank, a Prospective Population-Based Cohort Study",10.2337/dc17-0921
Jenki2018king2508,"D. A. Jenkins, J. Bowden, H. A. Robinson, N. Sattar, R. J. F. Loos, M. K. Rutter and M. Sperrin",2018,,,,,"Adiposity-Mortality Relationships in Type 2 Diabetes, Coronary Heart Disease, and Cancer Subgroups in the UK Biobank, and Their Modification by Smoking",10.2337/dc17-2508
Malon2016mple7729,"S. K. Malone, F. Patterson, Y. Lu, A. Lozano and A. Hanlon",2016,,,,,Ethnic differences in sleep duration and morning-evening type in a population sample,10.3109/07420528.2015.1107729
McCor2015tion4577,"A. McCormack, M. Edmondson-Jones, H. Fortnum, P. D. Dawes, H. Middleton, K. J. Munro and D. R. Moore",2015,,,,,"Investigating the association between tinnitus severity and symptoms of depression and anxiety, while controlling for neuroticism, in a large middle-aged UK population",10.3109/14992027.2015.1014577
Keids2015sion6503,"G. Keidser, M. Seeto, M. Rudner, S. Hygge and J. Ronnberg",2015,,,,,On the relationship between functional hearing and depression,10.3109/14992027.2015.1046503
Elwoo2018bank.792,"P. C. Elwood, A. Whitmarsh, J. Gallacher, A. Bayer, R. Adams, L. Heslop, J. Pickering, G. Morgan, J. Galante, S. Dolwani, M. Longley and Z. E. Roberts",2018,,,,,Healthy living and cancer: evidence from UK Biobank,10.3332/ecancer.2018.792
Ronnb2014urce0326,"J. Ronnberg, S. Hygge, G. Keidser and M. Rudner",2014,,,,,The effect of functional hearing loss and age on long- and short-term visuospatial memory: evidence from the UK biobank resource,10.3389/fnagi.2014.00326
Welch2017hort1189,"A. A. Welch, J. Skinner and M. Hickson",2017,,,,,Dietary Magnesium May Be Protective for Aging of Bone and Skeletal Muscle in Middle and Younger Older Age Men and Women: Cross-Sectional Findings from the UK Biobank Cohort,10.3390/nu9111189
Bowma2017ants7157,"K. Bowman, J. L. Atkins, J. Delgado, K. Kos, G. A. Kuchel, A. Ble, L. Ferrucci and D. Melzer",2017,,,,,"Central adiposity and the overweight risk paradox in aging: follow-up of 130,473 UK Biobank participants",10.3945/ajcn.116.147157
Kim2017tudy6851,"Y. Kim, K. Wijndaele, D. C. Lee, S. J. Sharp, N. Wareham and S. Brage",2017,,,,,"Independent and joint associations of grip strength and adiposity with all-cause and cardiovascular disease mortality in 403,199 adults: the UK Biobank study",10.3945/ajcn.117.156851
Macfa2014tors5302,"T. V. Macfarlane, M. Beasley and G. J. Macfarlane",2014,,,,,Self-Reported Facial Pain in UK Biobank Study: Prevalence and Associated Factors,10.5037/jomr.2014.5302
Galla2018ants.129,"K. I. Gallacher, R. McQueenie, B. Nicholl, B. D. Jani, D. Lee and F. S. Mair",2018,,,,,"Risk factors and mortality associated with multimorbidity in people with stroke or transient ischaemic attack: a study of 8,751 UK Biobank participants",10.15256/joc.2018.8.129
Pyrko2018ords1603,"T. V. Pyrkov, E. Getmantsev, B. Zhurov, K. Avchaciov, M. Pyatnitskiy, L. Menshikov, K. Khodova, A. V. Gudkov and P. O. Fedichev",2018,,,,,Quantitative characterization of biological age and frailty based on locomotor activity records,10.18632/aging.101603
